frame_id,timestamp_s,class_name,confidence,x1,y1,x2,y2
3,2.3255813953488373,D11,0.5998,23.08769989013672,500.2492370605469,629.4551391601562,709.9002685546875
6,4.651162790697675,D11,0.9744,389.9180908203125,473.2696838378906,558.4505004882812,688.2158813476562
6,4.651162790697675,D11,0.5676,349.0221862792969,461.5914001464844,684.261474609375,683.73291015625
6,4.651162790697675,D11,0.3671,42.762977600097656,486.13409423828125,710.6644287109375,695.6926879882812
9,6.976744186046512,D11,0.4439,25.708694458007812,435.9300231933594,631.4541625976562,627.3472900390625
10,7.751937984496124,D11,0.9261,20.05821990966797,449.6805725097656,637.8392333984375,639.3099365234375
10,7.751937984496124,D11,0.6575,239.19557189941406,471.546875,523.7657470703125,629.665283203125
12,9.30232558139535,D11,0.8689,2.3302001953125,488.4647521972656,581.397705078125,694.9371337890625
13,10.077519379844961,D11,0.8808,21.09491729736328,467.3348388671875,676.0599975585938,656.55908203125
13,10.077519379844961,D20,0.6303,110.71672821044922,473.1303405761719,518.79150390625,631.1988525390625
13,10.077519379844961,D20,0.6099,180.05966186523438,515.4637451171875,291.3940124511719,566.22802734375
13,10.077519379844961,D20,0.5964,150.543212890625,503.9991760253906,297.0282287597656,583.0504760742188
13,10.077519379844961,D20,0.357,0.0,475.9518737792969,425.5754699707031,713.2716674804688
15,11.627906976744185,D11,0.8922,4.877758026123047,517.1426391601562,563.7753295898438,710.3654174804688
40,31.007751937984494,D11,0.6969,19.66607666015625,490.958740234375,667.4321899414062,699.1439208984375
46,35.65891472868217,D11,0.9522,118.37699890136719,497.731201171875,710.5606079101562,692.8082885742188
51,39.53488372093023,D11,0.5013,66.7383041381836,452.836669921875,715.9652099609375,686.7574462890625
54,41.860465116279066,D11,0.9914,434.497802734375,535.6620483398438,720.0,720.0
54,41.860465116279066,D11,0.9798,171.82278442382812,538.49560546875,720.0,707.4995727539062
54,41.860465116279066,D11,0.974,320.7929382324219,513.1268920898438,602.8118286132812,681.47314453125
54,41.860465116279066,D20,0.5972,395.71112060546875,584.3408203125,482.2253112792969,665.3223876953125
54,41.860465116279066,D11,0.541,358.05487060546875,532.0634765625,484.5990905761719,664.7174682617188
56,43.41085271317829,D11,0.7008,6.549156188964844,493.9856872558594,591.0640258789062,701.7080078125
66,51.16279069767442,D11,0.6651,18.170700073242188,504.9879455566406,679.6460571289062,715.4819946289062
70,54.263565891472865,D11,0.5666,191.1187744140625,576.7992553710938,519.3643798828125,720.0
70,54.263565891472865,D43,0.4824,368.2293701171875,618.190673828125,453.501953125,719.5980224609375
76,58.91472868217054,D11,0.9935,342.46319580078125,455.30084228515625,678.4768676757812,656.4581909179688
76,58.91472868217054,D11,0.461,482.1168212890625,503.65081787109375,720.0,684.2703857421875
92,71.31782945736434,D11,0.9969,344.3305358886719,428.5615539550781,652.8526000976562,616.24951171875
92,71.31782945736434,D11,0.8897,408.5351257324219,480.8916320800781,719.21875,619.0220336914062
94,72.86821705426357,D11,0.974,2.773601531982422,429.9799499511719,570.5994873046875,628.4656982421875
94,72.86821705426357,D11,0.838,197.51449584960938,430.0915222167969,446.2264099121094,613.7051391601562
94,72.86821705426357,D11,0.4084,215.02200317382812,410.42626953125,614.2427978515625,607.7831420898438
97,75.1937984496124,D11,0.4412,1.7480621337890625,489.67803955078125,561.584716796875,675.2904663085938
99,76.74418604651163,D11,0.7768,2.422760009765625,561.7219848632812,631.0427856445312,719.119384765625
102,79.06976744186046,D11,0.8181,43.26924133300781,366.0038146972656,712.7573852539062,710.7113037109375
102,79.06976744186046,D20,0.4166,421.9481506347656,384.60784912109375,479.7359619140625,413.4745788574219
102,79.06976744186046,D20,0.4141,375.9974060058594,355.1390686035156,715.285400390625,507.13909912109375
102,79.06976744186046,D20,0.3604,404.5641174316406,370.02484130859375,561.865478515625,412.42156982421875
103,79.84496124031007,D11,0.9859,118.7314453125,499.5135498046875,706.9608764648438,689.9239501953125
103,79.84496124031007,D11,0.679,354.680908203125,482.7710876464844,685.2908935546875,677.248046875
109,84.49612403100775,D11,0.9497,4.004310607910156,460.46844482421875,517.1500244140625,620.2025146484375
109,84.49612403100775,D20,0.82,83.23736572265625,449.0621643066406,446.08282470703125,579.739990234375
109,84.49612403100775,D20,0.5284,6.435173034667969,465.0657653808594,378.7892150878906,700.6203002929688
109,84.49612403100775,D20,0.4034,162.44525146484375,481.079833984375,339.8148498535156,567.1163940429688
109,84.49612403100775,D20,0.3823,293.0155944824219,467.2039794921875,433.095947265625,518.1483764648438
109,84.49612403100775,D20,0.3721,226.8799591064453,452.5063781738281,454.8754577636719,527.5958862304688
111,86.04651162790698,D11,0.4304,8.277425765991211,472.8287658691406,580.909423828125,655.581787109375
115,89.14728682170542,D11,0.8576,50.141395568847656,496.4010925292969,566.9329833984375,682.5230712890625
115,89.14728682170542,D11,0.5603,165.47219848632812,540.589111328125,516.6932983398438,659.553466796875
115,89.14728682170542,D20,0.4087,347.1663818359375,569.1696166992188,498.4784851074219,643.5203857421875
118,91.47286821705426,D11,0.477,5.548919677734375,423.75048828125,637.6246337890625,623.5884399414062
120,93.02325581395348,D11,0.7042,82.04019927978516,495.6316833496094,667.15625,696.9039916992188
121,93.7984496124031,D11,0.716,15.13970947265625,524.5530395507812,651.5083618164062,717.35546875
123,95.34883720930232,D11,0.91,520.2620849609375,543.4548950195312,720.0,711.3137817382812
123,95.34883720930232,D20,0.6495,503.48968505859375,538.3900756835938,665.2989501953125,646.8106079101562
124,96.12403100775194,D11,0.5267,26.563705444335938,460.0845642089844,615.70703125,625.9087524414062
124,96.12403100775194,D20,0.3814,362.1790771484375,419.35540771484375,430.3953857421875,446.7023010253906
125,96.89922480620154,D11,0.8192,20.53948974609375,431.4619445800781,695.0411376953125,654.0413208007812
126,97.67441860465117,D11,0.3827,139.3314971923828,348.2861022949219,716.2576293945312,720.0
130,100.7751937984496,D11,0.5044,232.0885009765625,518.8815307617188,498.19659423828125,720.0
142,110.07751937984496,D11,0.541,19.06292724609375,422.5576477050781,632.7371215820312,622.6267700195312
145,112.40310077519379,D11,0.5729,332.4093322753906,473.19097900390625,579.3667602539062,670.2600708007812
149,115.50387596899225,D11,0.4838,531.0742797851562,512.903076171875,720.0,720.0
155,120.15503875968992,D11,0.9827,0.0,492.1484375,597.8465576171875,720.0
161,124.8062015503876,D11,0.7013,19.793655395507812,502.3434753417969,674.7950439453125,708.7880859375
163,126.35658914728681,D11,0.8497,24.91321563720703,491.7483215332031,691.473876953125,687.8854370117188
167,129.45736434108528,D11,0.555,21.901519775390625,493.1906433105469,673.3939208984375,704.6813354492188
170,131.7829457364341,D11,0.9963,5.10040283203125,560.7520751953125,652.8955078125,720.0
170,131.7829457364341,D11,0.9686,269.158447265625,541.948486328125,576.7400512695312,720.0
181,140.31007751937983,D11,0.8805,5.1546478271484375,442.6314697265625,594.1165771484375,643.6838989257812
181,140.31007751937983,D11,0.6745,168.89236450195312,454.9770812988281,431.5633544921875,649.7337646484375
181,140.31007751937983,D20,0.4705,100.45571899414062,450.973388671875,440.88275146484375,660.3021850585938
181,140.31007751937983,D20,0.4191,311.464599609375,458.2410583496094,416.9366455078125,541.7147827148438
181,140.31007751937983,D11,0.3907,247.51585388183594,462.10467529296875,604.6788330078125,630.9949951171875
185,143.4108527131783,D11,0.983,0.0,487.94580078125,580.6009521484375,693.9155883789062
185,143.4108527131783,D20,0.5384,103.51950073242188,475.41961669921875,510.39288330078125,640.9415283203125
186,144.1860465116279,D11,0.9704,5.104866027832031,499.73736572265625,581.346435546875,693.8875122070312
186,144.1860465116279,D11,0.3886,270.9552001953125,507.8697814941406,576.3861694335938,659.3494262695312
186,144.1860465116279,D20,0.3708,202.9041290283203,492.4114685058594,575.4889526367188,654.865234375
190,147.28682170542635,D11,0.9589,286.49639892578125,530.8745727539062,542.9224853515625,720.0
190,147.28682170542635,D11,0.7364,196.8430633544922,563.494384765625,344.5943603515625,719.626708984375
190,147.28682170542635,D11,0.4574,0.9348678588867188,561.8311767578125,505.84466552734375,720.0
193,149.6124031007752,D11,0.8008,23.87054443359375,494.6285705566406,675.1192016601562,697.1507568359375
199,154.26356589147287,D11,0.6395,3.8289413452148438,490.8777160644531,607.3367919921875,696.5625
200,155.03875968992247,D11,0.6597,6.2348785400390625,430.7400817871094,602.3030395507812,620.1544799804688
201,155.81395348837208,D11,0.3837,92.25556182861328,427.5117492675781,689.15869140625,625.0606079101562
202,156.5891472868217,D11,0.9242,104.37842559814453,431.9815979003906,705.312744140625,610.1478271484375
213,165.11627906976744,D11,0.8607,18.602737426757812,563.693359375,706.2500610351562,720.0
213,165.11627906976744,D11,0.7542,164.08506774902344,524.6722412109375,461.2932434082031,720.0
215,166.66666666666666,D11,0.5164,4.235538482666016,557.1905517578125,459.2035827636719,719.7488403320312
222,172.09302325581396,D11,0.7908,286.0258483886719,500.84161376953125,447.6445617675781,661.9598999023438
222,172.09302325581396,D11,0.4575,165.54583740234375,509.379150390625,595.1427612304688,666.3424682617188
223,172.86821705426357,D11,0.3825,39.30255889892578,430.92333984375,568.8002319335938,618.8192138671875
224,173.64341085271317,D11,0.867,37.176292419433594,498.6658020019531,693.2957763671875,700.5042724609375
226,175.1937984496124,D11,0.687,18.301025390625,401.67291259765625,625.5982055664062,584.1187744140625
228,176.74418604651163,D11,0.988,0.0,422.0877990722656,621.4555053710938,619.1791381835938
228,176.74418604651163,D20,0.5347,115.2539291381836,411.3056640625,484.3294677734375,612.105712890625
229,177.51937984496124,D11,0.8109,33.231651306152344,434.91302490234375,686.3611450195312,623.677490234375
231,179.06976744186045,D11,0.999,494.97027587890625,540.7849731445312,720.0,720.0
231,179.06976744186045,D11,0.9921,167.81011962890625,538.6251831054688,720.0,715.2051391601562
231,179.06976744186045,D11,0.3606,581.7586059570312,592.5560913085938,720.0,720.0
235,182.1705426356589,D11,0.918,421.1014099121094,506.4887390136719,715.81640625,707.1026611328125
240,186.04651162790697,D20,0.4919,187.8347625732422,604.996337890625,306.9549255371094,654.0269775390625
243,188.37209302325581,D11,0.5314,4.710765838623047,416.1420593261719,511.4303283691406,593.6605224609375
247,191.47286821705427,D11,0.7482,2.884735107421875,428.8539123535156,583.6212768554688,630.17138671875
249,193.02325581395348,D11,0.5287,25.083297729492188,495.46368408203125,702.1227416992188,694.4502563476562
254,196.89922480620154,D11,0.9999,124.6234130859375,502.6764221191406,707.9275512695312,690.0030517578125
254,196.89922480620154,D11,0.9919,423.7076416015625,485.5224914550781,720.0,684.9166870117188
254,196.89922480620154,D11,0.9872,6.215240478515625,504.1678771972656,487.0330505371094,720.0
254,196.89922480620154,D11,0.9829,215.97613525390625,498.8427429199219,475.4245910644531,705.59033203125
263,203.87596899224806,D11,0.9672,167.27688598632812,479.8646240234375,714.7390747070312,700.7109375
263,203.87596899224806,D11,0.6011,404.26129150390625,512.9857788085938,720.0,713.1643676757812
264,204.65116279069767,D11,0.5249,1.5044403076171875,499.90423583984375,612.2177734375,718.91943359375
266,206.20155038759688,D11,0.4113,84.25847625732422,494.1194152832031,705.014892578125,682.9920043945312
268,207.75193798449612,D11,0.9768,25.030426025390625,494.9294738769531,680.5715942382812,693.2756958007812
270,209.30232558139534,D20,0.4599,372.51123046875,639.017822265625,522.3980712890625,719.7623901367188
271,210.07751937984494,D11,0.7684,342.4721374511719,434.8587341308594,633.0579223632812,720.0
271,210.07751937984494,D11,0.6059,49.6988525390625,434.73016357421875,718.8807373046875,720.0
282,218.6046511627907,D11,0.4588,21.589920043945312,468.76202392578125,699.0300903320312,673.7152099609375
283,219.3798449612403,D11,0.9662,36.396175384521484,498.2835998535156,611.0443115234375,689.9733276367188
283,219.3798449612403,D11,0.7339,276.95758056640625,514.7732543945312,597.1917724609375,664.7021484375
283,219.3798449612403,D20,0.4879,247.91094970703125,474.4042663574219,594.0460205078125,664.4895629882812
289,224.03100775193798,D11,0.834,25.78099822998047,496.2342834472656,678.8245849609375,694.7715454101562
289,224.03100775193798,D11,0.4029,38.196372985839844,510.1960754394531,387.22259521484375,718.981201171875
292,226.35658914728683,D11,0.5073,23.064834594726562,487.93902587890625,703.3533935546875,708.6366577148438
298,231.0077519379845,D11,0.9206,2.7038726806640625,516.6720581054688,534.5746459960938,720.0
299,231.7829457364341,D11,0.8099,7.374057769775391,490.0856628417969,431.5965270996094,690.584228515625
299,231.7829457364341,D20,0.3775,266.9691162109375,528.4894409179688,370.8495178222656,577.7026977539062
304,235.65891472868216,D11,0.9294,137.4612274169922,543.0128784179688,711.327392578125,720.0
305,236.43410852713177,D11,0.7437,23.223655700683594,489.9444274902344,668.7410278320312,693.771728515625
308,238.75968992248062,D11,0.5751,506.516357421875,418.6844177246094,717.54638671875,720.0
311,241.08527131782944,D11,0.6212,22.404144287109375,501.7327880859375,704.3767700195312,710.4983520507812
314,243.4108527131783,D11,0.7586,26.682769775390625,496.35382080078125,632.1925659179688,679.0264892578125
316,244.9612403100775,D11,0.8952,3.1177139282226562,488.9397888183594,640.77001953125,688.52978515625
317,245.73643410852713,D11,0.7851,374.6440124511719,569.9088134765625,693.7750854492188,719.478271484375
317,245.73643410852713,D43,0.5046,410.5296325683594,603.683349609375,503.30560302734375,719.1095581054688
323,250.3875968992248,D11,0.4801,3.4138641357421875,489.7646789550781,480.5443115234375,717.817626953125
325,251.93798449612402,D11,0.7796,3.2936325073242188,525.4932861328125,599.4823608398438,720.0
325,251.93798449612402,D20,0.5277,78.26831817626953,635.4277954101562,265.5450134277344,720.0
328,254.26356589147287,D11,0.6747,6.173458099365234,491.0907897949219,518.0929565429688,675.9307861328125
338,262.015503875969,D11,0.5176,4.128593444824219,492.0488586425781,611.0431518554688,701.5654296875
340,263.5658914728682,D11,0.7294,22.657516479492188,503.5289001464844,696.3898315429688,718.7341918945312
345,267.4418604651163,D11,0.7458,422.4312438964844,462.6097717285156,718.4779663085938,683.5155029296875
348,269.7674418604651,D11,0.5227,452.2564392089844,457.31805419921875,720.0,650.6470336914062
348,269.7674418604651,D11,0.391,149.96942138671875,451.9757385253906,720.0,642.4541625976562
353,273.64341085271315,D11,0.8181,2.7518692016601562,503.4302062988281,618.3637084960938,717.42919921875
360,279.06976744186045,D11,0.9831,1.7261924743652344,513.0418701171875,538.3591918945312,720.0
362,280.62015503875966,D43,0.7982,183.10910034179688,583.0856323242188,305.0362243652344,713.928955078125
362,280.62015503875966,D11,0.537,6.611778259277344,537.9569091796875,315.4035339355469,720.0
362,280.62015503875966,D11,0.4898,17.812820434570312,502.92828369140625,676.3949584960938,718.8688354492188
364,282.17054263565893,D11,0.6073,7.32952880859375,471.0906677246094,573.2128295898438,656.4214477539062
368,285.27131782945736,D11,0.7792,16.25859832763672,524.032958984375,679.6785278320312,719.5167846679688
380,294.5736434108527,D11,0.6496,1.4028167724609375,491.93109130859375,620.3811645507812,706.5391235351562
381,295.3488372093023,D11,0.7246,20.629920959472656,561.6298828125,706.9976196289062,719.9088134765625
387,300.0,D11,0.842,22.607528686523438,499.7102355957031,703.6798095703125,716.7982788085938
396,306.9767441860465,D11,0.5166,16.651702880859375,353.9297790527344,702.9944458007812,720.0
397,307.7519379844961,D11,0.7307,6.898487091064453,461.687255859375,536.604736328125,640.4642944335938
397,307.7519379844961,D20,0.4784,207.88113403320312,439.16522216796875,536.2131958007812,642.211181640625
398,308.52713178294573,D11,0.8418,8.406875610351562,548.4508056640625,689.8194580078125,720.0
399,309.30232558139534,D11,0.3789,23.987274169921875,499.20989990234375,703.3617553710938,697.8231811523438
403,312.40310077519376,D11,0.5084,34.53717041015625,426.455322265625,668.727783203125,624.65869140625
403,312.40310077519376,D20,0.419,351.60479736328125,397.7789611816406,435.61175537109375,442.5438537597656
404,313.1782945736434,D11,0.8256,3.3666915893554688,536.9361572265625,588.1112670898438,720.0
405,313.95348837209303,D11,0.5526,17.99073028564453,562.5869750976562,710.804443359375,719.46484375
405,313.95348837209303,D11,0.4019,435.94415283203125,539.4927978515625,649.33447265625,720.0
411,318.6046511627907,D11,0.827,0.5662078857421875,493.55206298828125,635.8278198242188,700.0615234375
412,319.3798449612403,D11,0.4365,223.27671813964844,545.9320678710938,708.5071411132812,720.0
413,320.1550387596899,D11,0.4249,5.947757720947266,558.3656616210938,398.920166015625,719.0792846679688
418,324.031007751938,D11,0.9911,114.3211898803711,532.9178466796875,713.7042236328125,708.3458862304688
418,324.031007751938,D11,0.5747,178.91976928710938,518.4483642578125,482.3714904785156,714.2108764648438
418,324.031007751938,D11,0.565,348.1778259277344,561.3323364257812,720.0,715.6395874023438
422,327.1317829457364,D11,0.4896,3.4652938842773438,515.6467895507812,597.5769653320312,720.0
429,332.5581395348837,D11,0.7467,12.712898254394531,443.17816162109375,643.6165161132812,640.5706176757812
434,336.4341085271318,D11,0.6135,34.47358703613281,498.7427673339844,707.2893676757812,695.2438354492188
441,341.86046511627904,D11,0.6399,0.19219207763671875,536.6373901367188,568.601318359375,718.4215087890625
441,341.86046511627904,D11,0.5268,7.727714538574219,539.4425048828125,284.8703308105469,720.0
444,344.1860465116279,D11,0.4649,390.4604187011719,488.4154052734375,563.84912109375,670.7854614257812
444,344.1860465116279,D11,0.4566,32.399574279785156,493.0445556640625,674.0658569335938,696.3678588867188
445,344.9612403100775,D11,0.5715,113.89924621582031,546.7185668945312,720.0,718.7728271484375
460,356.5891472868217,D11,0.9995,296.6147155761719,461.6321105957031,577.6016845703125,648.6060791015625
460,356.5891472868217,D11,0.3709,358.45965576171875,459.1816101074219,520.7816772460938,606.6967163085938
463,358.9147286821705,D11,0.4136,4.372077941894531,534.4221801757812,628.7877197265625,708.8397216796875
464,359.68992248062017,D20,0.4757,414.3824157714844,559.5658569335938,525.3436279296875,662.8548583984375
465,360.4651162790698,D11,0.9524,148.3225555419922,556.2232055664062,718.42333984375,720.0
465,360.4651162790698,D11,0.6474,359.03497314453125,554.4957885742188,642.3817138671875,720.0
465,360.4651162790698,D20,0.6168,443.8248596191406,588.0384521484375,497.9566955566406,618.3875122070312
466,361.2403100775194,D11,0.6746,29.1280517578125,428.9541015625,685.7513427734375,618.3341674804688
467,362.015503875969,D11,0.3677,0.0,361.1169738769531,591.5280151367188,720.0
468,362.7906976744186,D11,0.3783,185.70999145507812,495.2825622558594,716.9852294921875,694.669189453125
472,365.891472868217,D11,0.4338,26.938888549804688,496.12127685546875,715.2918090820312,669.1989135742188
475,368.2170542635659,D11,0.998,123.33073425292969,502.67352294921875,711.2415161132812,691.9287109375
475,368.2170542635659,D11,0.7498,430.0291748046875,522.1837158203125,719.5237426757812,714.42333984375
475,368.2170542635659,D11,0.6916,152.3300018310547,505.88531494140625,414.8471374511719,703.2479858398438
483,374.41860465116275,D11,0.6699,399.0705261230469,456.8197021484375,626.5714111328125,647.2979125976562
495,383.72093023255815,D11,0.8924,21.263282775878906,498.099853515625,697.4874877929688,707.3106079101562
497,385.27131782945736,D11,0.7196,541.6790771484375,476.42926025390625,720.0,720.0
501,388.3720930232558,D43,0.56,199.16773986816406,509.2347106933594,286.52532958984375,592.9358520507812
503,389.92248062015506,D11,0.6425,0.0,490.98651123046875,570.0101928710938,672.2933959960938
503,389.92248062015506,D11,0.3834,0.0,505.51397705078125,271.5885009765625,720.0
507,393.0232558139535,D11,0.972,33.632720947265625,492.32080078125,688.8491821289062,691.7691040039062
509,394.5736434108527,D11,0.9113,6.57037353515625,462.0941467285156,591.5702514648438,649.2589721679688
515,399.2248062015504,D11,0.957,3.819499969482422,418.69775390625,517.0138549804688,623.1917114257812
515,399.2248062015504,D20,0.4365,140.65411376953125,399.2044372558594,521.0850830078125,601.7314453125
519,402.3255813953488,D11,0.5573,21.074180603027344,515.2852783203125,683.7737426757812,710.8313598632812
524,406.2015503875969,D43,0.5799,292.43316650390625,539.258056640625,354.4766540527344,648.0478515625
524,406.2015503875969,D11,0.3918,14.324386596679688,478.4311828613281,675.0278930664062,652.3114013671875
526,407.7519379844961,D11,0.7316,24.047080993652344,485.1273193359375,705.7232666015625,714.5391235351562
530,410.85271317829455,D20,0.4233,8.723007202148438,577.2990112304688,353.1105041503906,718.3162231445312
534,413.95348837209303,D11,0.9818,84.99504089355469,482.9580993652344,679.0550537109375,686.5401000976562
534,413.95348837209303,D11,0.7077,355.09088134765625,468.4797668457031,656.2275390625,664.2779541015625
538,417.05426356589146,D11,0.9737,1.1605682373046875,519.539306640625,437.0819396972656,720.0
548,424.8062015503876,D11,0.9164,3.5666770935058594,429.2701721191406,423.7245788574219,654.3847045898438
548,424.8062015503876,D11,0.5716,0.04361915588378906,467.6607971191406,267.05291748046875,720.0
560,434.1085271317829,D11,0.775,95.72978210449219,499.0268249511719,711.1856689453125,697.7742919921875
560,434.1085271317829,D20,0.6239,203.98678588867188,521.2125244140625,309.7584228515625,582.7211303710938
560,434.1085271317829,D20,0.4415,127.25917053222656,506.8908996582031,324.5799255371094,612.8566284179688
566,438.7596899224806,D11,0.5493,7.2016754150390625,476.6317443847656,621.4063720703125,658.7918701171875
568,440.31007751937983,D11,0.4756,24.246826171875,435.5000305175781,643.692138671875,624.7689819335938
571,442.63565891472865,D11,0.8484,2.9557342529296875,424.3982238769531,623.9616088867188,641.9634399414062
576,446.51162790697674,D11,0.9463,130.67576599121094,500.6582336425781,705.0892333984375,690.0599365234375
576,446.51162790697674,D11,0.619,370.8724060058594,475.366943359375,669.27197265625,675.6200561523438
583,451.93798449612405,D43,0.7027,164.1482391357422,614.444580078125,279.1783142089844,720.0
590,457.3643410852713,D11,0.4695,192.70045471191406,492.8840026855469,714.3509521484375,695.60400390625
590,457.3643410852713,D11,0.4216,455.22247314453125,492.3272705078125,718.4009399414062,678.658447265625
597,462.7906976744186,D11,0.9486,29.30877685546875,420.06011962890625,687.157470703125,610.0297241210938
598,463.5658914728682,D11,0.7641,27.740753173828125,490.5869140625,710.0037841796875,670.3688354492188
600,465.1162790697674,D43,0.7222,217.2401123046875,524.34326171875,323.6309814453125,628.4052124023438
606,469.7674418604651,D11,0.4732,4.305267333984375,424.10626220703125,633.9579467773438,638.61328125
613,475.1937984496124,D11,0.4122,11.308021545410156,442.1407775878906,549.1318359375,636.0093383789062
615,476.74418604651163,D11,0.7163,2.835845947265625,512.8030395507812,606.502685546875,720.0
619,479.84496124031006,D11,0.6661,2.8393821716308594,492.2206726074219,540.9450073242188,712.9235229492188
619,479.84496124031006,D20,0.3688,32.25788497924805,550.8555908203125,436.1911926269531,698.143798828125
621,481.39534883720927,D11,0.7947,66.60248565673828,540.250732421875,707.892333984375,719.987060546875
621,481.39534883720927,D11,0.3876,390.6587219238281,537.9474487304688,708.2235717773438,720.0
623,482.94573643410854,D43,0.5453,111.21165466308594,525.31396484375,210.26747131347656,611.9193115234375
624,483.72093023255815,D11,0.9784,154.4721221923828,562.0035400390625,720.0,720.0
624,483.72093023255815,D11,0.8899,416.3006591796875,575.787353515625,720.0,719.2413940429688
630,488.3720930232558,D11,0.8253,407.6434326171875,526.833251953125,683.6671752929688,720.0
630,488.3720930232558,D11,0.7898,18.498641967773438,531.6094360351562,680.6932373046875,720.0
633,490.69767441860466,D11,0.9091,29.232833862304688,427.5418701171875,693.8482666015625,620.08837890625
634,491.47286821705427,D11,0.6694,2.9532623291015625,496.316650390625,640.2254028320312,716.2203369140625
638,494.5736434108527,D11,0.8637,2.604583740234375,492.7151184082031,560.894287109375,696.820068359375
643,498.4496124031008,D43,0.3737,196.9969482421875,561.5256958007812,276.4328918457031,648.38720703125
644,499.2248062015504,D11,0.7724,97.03619384765625,513.4359741210938,708.9149169921875,701.4113159179688
652,505.42635658914725,D11,0.9438,105.42906188964844,502.68450927734375,711.2213745117188,692.2207641601562
652,505.42635658914725,D20,0.556,463.818603515625,535.3292236328125,533.7935180664062,572.929931640625
652,505.42635658914725,D20,0.4393,415.70745849609375,525.22314453125,538.5486450195312,575.0704956054688
652,505.42635658914725,D20,0.421,299.8072814941406,510.0581970214844,673.8465576171875,683.5571899414062
653,506.2015503875969,D11,0.5488,5.2993927001953125,505.6717529296875,592.87744140625,716.8050537109375
656,508.52713178294573,D11,0.9253,339.25518798828125,514.5610961914062,627.6383666992188,720.0
656,508.52713178294573,D11,0.8905,95.12635803222656,540.0067749023438,715.1470336914062,720.0
661,512.4031007751938,D11,0.9994,88.02259826660156,531.4959106445312,714.84765625,720.0
661,512.4031007751938,D11,0.9484,437.4308166503906,544.0945434570312,718.7728271484375,720.0
667,517.0542635658915,D11,0.3953,10.019943237304688,513.7081909179688,558.4974365234375,704.3991088867188
669,518.6046511627907,D11,0.4482,5.2246856689453125,422.1453857421875,501.13140869140625,643.6282348632812
674,522.4806201550388,D11,0.8452,0.4607391357421875,560.9243774414062,642.0756225585938,719.6024780273438
685,531.0077519379845,D11,0.9934,84.6741714477539,504.30108642578125,712.9905395507812,701.0745849609375
685,531.0077519379845,D11,0.6975,410.7652893066406,528.8993530273438,718.7295532226562,717.5524291992188
686,531.782945736434,D11,0.3865,1.1173095703125,492.2135925292969,660.3425903320312,664.27392578125
690,534.8837209302326,D11,0.9752,26.407012939453125,490.6806945800781,696.2216186523438,683.734130859375
690,534.8837209302326,D20,0.7533,213.8723907470703,473.9056396484375,575.6069946289062,649.3836669921875
690,534.8837209302326,D11,0.3695,221.81539916992188,497.4303894042969,637.1192626953125,647.5233764648438
692,536.4341085271318,D43,0.5239,329.14227294921875,531.8302001953125,428.5357360839844,649.3221435546875
693,537.2093023255813,D11,0.7585,112.29400634765625,544.429443359375,720.0,718.6368408203125
693,537.2093023255813,D11,0.7111,438.12664794921875,570.8223876953125,720.0,720.0
693,537.2093023255813,D43,0.4228,445.52313232421875,621.11865234375,526.70166015625,719.9512329101562
694,537.984496124031,D11,0.4336,8.745941162109375,480.6856384277344,586.7474975585938,644.0889892578125
708,548.8372093023256,D11,0.8062,98.37316131591797,503.4789123535156,707.1047973632812,691.3853759765625
712,551.937984496124,D11,0.7002,22.58452606201172,494.0196533203125,693.4706420898438,699.3436279296875
720,558.1395348837209,D43,0.6595,445.57037353515625,633.138916015625,561.7591552734375,715.9258422851562
722,559.6899224806201,D20,0.5222,213.35009765625,433.4136047363281,619.0451049804688,618.565673828125
722,559.6899224806201,D11,0.4503,73.42115020751953,446.6231994628906,707.406005859375,634.6307373046875
724,561.2403100775193,D11,0.9991,107.96498107910156,479.6277770996094,714.2504272460938,689.6660766601562
724,561.2403100775193,D11,0.5164,416.290771484375,487.0715637207031,718.1336669921875,689.9381103515625
726,562.7906976744185,D11,0.8339,30.789459228515625,432.61077880859375,700.71337890625,624.1862182617188
728,564.3410852713179,D11,0.5016,455.46453857421875,495.41650390625,720.0,688.3521118164062
728,564.3410852713179,D43,0.3724,519.8221435546875,560.2215576171875,639.40576171875,684.164794921875
729,565.1162790697674,D11,0.6833,3.2378082275390625,498.92156982421875,597.3609619140625,720.0
731,566.6666666666666,D11,0.9624,4.6402130126953125,489.12420654296875,442.13323974609375,692.5072631835938
731,566.6666666666666,D11,0.5595,159.02297973632812,509.91351318359375,408.22119140625,664.084228515625
734,568.9922480620155,D11,0.8712,41.94907760620117,437.2995300292969,588.2091064453125,616.4148559570312
734,568.9922480620155,D11,0.5479,178.396240234375,445.1548156738281,458.9829406738281,611.5859375
735,569.767441860465,D11,0.4545,11.076553344726562,501.4799499511719,612.666259765625,712.3924560546875
736,570.5426356589147,D20,0.3706,35.989356994628906,245.4657440185547,398.72186279296875,419.54644775390625
739,572.8682170542636,D11,0.9662,92.72941589355469,507.3344421386719,703.2422485351562,695.9810180664062
739,572.8682170542636,D11,0.7222,291.1025390625,500.01318359375,607.0841674804688,690.118408203125
740,573.6434108527131,D11,0.3578,392.6849365234375,502.5791320800781,669.4091796875,655.73486328125
743,575.968992248062,D11,0.4636,359.4244384765625,486.4831237792969,574.4590454101562,654.9746704101562
750,581.3953488372093,D11,0.8495,0.0,560.1925048828125,475.8563232421875,719.7911987304688
751,582.1705426356589,D11,0.7513,358.81353759765625,491.3983459472656,654.7036743164062,648.1585693359375
753,583.7209302325581,D11,0.7372,0.0,563.1585693359375,649.4692993164062,719.1007080078125
761,589.922480620155,D11,0.9753,396.4958801269531,491.95379638671875,688.2791137695312,661.1915283203125
761,589.922480620155,D00,0.6252,414.4249267578125,531.370849609375,484.0133056640625,647.833740234375
762,590.6976744186046,D11,0.9418,5.606288909912109,432.4617004394531,574.9514770507812,618.6001586914062
763,591.4728682170543,D11,0.5656,16.69921875,557.3164672851562,707.8085327148438,719.498291015625
773,599.2248062015503,D11,0.9913,131.54904174804688,481.6086120605469,664.7579956054688,691.5846557617188
773,599.2248062015503,D11,0.9281,358.60211181640625,495.26812744140625,643.841796875,698.5701293945312
774,600.0,D11,0.8593,39.397796630859375,517.4535522460938,700.0574340820312,713.9423828125
