frame_id,timestamp_s,class_name,confidence,x1,y1,x2,y2,latitude,longitude,chainage_m,road_name,severity
3,2.3255813953488373,D11,0.5998,23.08769989013672,500.2492370605469,629.4551391601562,709.9002685546875,20.296170115814576,85.824880091751,11.426109518231204,NH-Sample,0.5
6,4.651162790697675,D11,0.9744,389.9180908203125,473.2696838378906,558.4505004882812,688.2158813476562,20.2962752757991,85.82500007264085,28.55227978960525,NH-Sample,0.5
6,4.651162790697675,D11,0.5676,349.0221862792969,461.5914001464844,684.261474609375,683.73291015625,20.2962752757991,85.82500007264085,28.55227978960525,NH-Sample,0.5
6,4.651162790697675,D11,0.3671,42.762977600097656,486.1340942382813,710.6644287109375,695.6926879882812,20.2962752757991,85.82500007264085,28.55227978960525,NH-Sample,0.5
9,6.976744186046512,D11,0.4439,25.70869445800781,435.9300231933594,631.4541625976562,627.3472900390625,20.29634536414675,85.82507995546912,39.96037708316645,NH-Sample,0.5
10,7.751937984496124,D11,0.9261,20.05821990966797,449.6805725097656,637.8392333984375,639.3099365234375,20.29638040047823,85.82511986557778,45.66144490420306,NH-Sample,0.5
10,7.751937984496124,D11,0.6575,239.1955718994141,471.546875,523.7657470703125,629.665283203125,20.29638040047823,85.82511986557778,45.66144490420306,NH-Sample,0.5
12,9.30232558139535,D11,0.8689,2.3302001953125,488.4647521972656,581.397705078125,694.9371337890625,20.296415430538943,85.82515975483021,51.36044761387168,NH-Sample,0.5
13,10.07751937984496,D11,0.8808,21.09491729736328,467.3348388671875,676.0599975585938,656.55908203125,20.296450453548168,85.82519962323875,57.057326975412,NH-Sample,0.5
13,10.07751937984496,D20,0.6303,110.71672821044922,473.1303405761719,518.79150390625,631.1988525390625,20.296450453548168,85.82519962323875,57.057326975412,NH-Sample,0.5
13,10.07751937984496,D20,0.6099,180.05966186523438,515.4637451171875,291.3940124511719,566.22802734375,20.296450453548168,85.82519962323875,57.057326975412,NH-Sample,0.5
13,10.07751937984496,D20,0.5964,150.543212890625,503.9991760253906,297.0282287597656,583.0504760742188,20.296450453548168,85.82519962323875,57.057326975412,NH-Sample,0.5
13,10.07751937984496,D20,0.357,0.0,475.9518737792969,425.5754699707031,713.2716674804688,20.296450453548168,85.82519962323875,57.057326975412,NH-Sample,0.5
15,11.627906976744184,D11,0.8922,4.877758026123047,517.1426391601562,563.7753295898438,710.3654174804688,20.29652047529496,85.82527929758098,68.44448355544367,NH-Sample,0.5
40,31.00775193798449,D11,0.6969,19.66607666015625,490.958740234375,667.4321899414062,699.1439208984375,20.297182942117647,85.82603208216764,176.1003884513668,NH-Sample,0.5
46,35.65891472868217,D11,0.9522,118.3769989013672,497.731201171875,710.5606079101562,692.8082885742188,20.297356059754637,85.82622896051544,204.24534909819664,NH-Sample,0.5
51,39.53488372093023,D11,0.5013,66.7383041381836,452.836669921875,715.9652099609375,686.7574462890625,20.29745960824742,85.82634684754234,221.08956582221143,NH-Sample,0.5
54,41.860465116279066,D11,0.9914,434.497802734375,535.6620483398438,720.0,720.0,20.297562891999664,85.82646455633291,237.90008888743972,NH-Sample,0.5
54,41.860465116279066,D11,0.9798,171.82278442382812,538.49560546875,720.0,707.4995727539062,20.297562891999664,85.82646455633291,237.90008888743972,NH-Sample,0.5
54,41.860465116279066,D11,0.974,320.7929382324219,513.1268920898438,602.8118286132812,681.47314453125,20.297562891999664,85.82646455633291,237.90008888743972,NH-Sample,0.5
54,41.860465116279066,D20,0.5972,395.7111206054688,584.3408203125,482.2253112792969,665.3223876953125,20.297562891999664,85.82646455633291,237.90008888743972,NH-Sample,0.5
54,41.860465116279066,D11,0.541,358.05487060546875,532.0634765625,484.5990905761719,664.7174682617188,20.297562891999664,85.82646455633291,237.90008888743972,NH-Sample,0.5
56,43.41085271317829,D11,0.7008,6.549156188964844,493.9856872558594,591.0640258789062,701.7080078125,20.29759725787212,85.82650375325518,243.4958861615799,NH-Sample,0.5
66,51.16279069767442,D11,0.6651,18.170700073242188,504.9879455566406,679.6460571289062,715.4819946289062,20.297870971551635,85.8268166294628,288.1168775571744,NH-Sample,0.5
70,54.26356589147287,D11,0.5666,191.1187744140625,576.7992553710938,519.3643798828125,720.0,20.29797301518005,85.82693364203388,304.78022550902136,NH-Sample,0.5
70,54.26356589147287,D43,0.4824,368.2293701171875,618.190673828125,453.501953125,719.5980224609375,20.29797301518005,85.82693364203388,304.78022550902136,NH-Sample,0.5
76,58.91472868217054,D11,0.9935,342.46319580078125,455.30084228515625,678.4768676757812,656.4581909179688,20.29814229509049,85.82712828773724,332.46379912289984,NH-Sample,0.5
76,58.91472868217054,D11,0.461,482.1168212890625,503.65081787109375,720.0,684.2703857421875,20.29814229509049,85.82712828773724,332.46379912289984,NH-Sample,0.5
92,71.31782945736434,D11,0.9969,344.3305358886719,428.5615539550781,652.8526000976562,616.24951171875,20.29854412807622,85.827593579516,398.4271048884335,NH-Sample,0.5
92,71.31782945736434,D11,0.8897,408.5351257324219,480.8916320800781,719.21875,619.0220336914062,20.29854412807622,85.827593579516,398.4271048884335,NH-Sample,0.5
94,72.86821705426357,D11,0.974,2.773601531982422,429.9799499511719,570.5994873046875,628.4656982421875,20.29861044276173,85.82767088104019,409.35254831247283,NH-Sample,0.5
94,72.86821705426357,D11,0.838,197.51449584960935,430.0915222167969,446.2264099121094,613.7051391601562,20.29861044276173,85.82767088104019,409.35254831247283,NH-Sample,0.5
94,72.86821705426357,D11,0.4084,215.02200317382807,410.42626953125,614.2427978515625,607.7831420898438,20.29861044276173,85.82767088104019,409.35254831247283,NH-Sample,0.5
97,75.1937984496124,D11,0.4412,1.7480621337890625,489.6780395507813,561.584716796875,675.2904663085938,20.298676558804345,85.82774811400255,420.25781136325253,NH-Sample,0.5
99,76.74418604651163,D11,0.7768,2.422760009765625,561.7219848632812,631.0427856445312,719.119384765625,20.298742472431744,85.82782527921147,431.14268604364906,NH-Sample,0.5
102,79.06976744186046,D11,0.8181,43.26924133300781,366.0038146972656,712.7573852539062,710.7113037109375,20.29880817999858,85.82790237749424,442.0069765814118,NH-Sample,0.5
102,79.06976744186046,D20,0.4166,421.9481506347656,384.60784912109375,479.7359619140625,413.4745788574219,20.29880817999858,85.82790237749424,442.0069765814118,NH-Sample,0.5
102,79.06976744186046,D20,0.4141,375.9974060058594,355.1390686035156,715.285400390625,507.13909912109375,20.29880817999858,85.82790237749424,442.0069765814118,NH-Sample,0.5
102,79.06976744186046,D20,0.3604,404.5641174316406,370.02484130859375,561.865478515625,412.4215698242188,20.29880817999858,85.82790237749424,442.0069765814118,NH-Sample,0.5
103,79.84496124031007,D11,0.9859,118.7314453125,499.5135498046875,706.9608764648438,689.9239501953125,20.29884095540538,85.82794090180194,447.4313449983544,NH-Sample,0.5
103,79.84496124031007,D11,0.679,354.680908203125,482.7710876464844,685.2908935546875,677.248046875,20.29884095540538,85.82794090180194,447.4313449983544,NH-Sample,0.5
109,84.49612403100775,D11,0.9497,4.004310607910156,460.4684448242188,517.1500244140625,620.2025146484375,20.298971524649872,85.82809483599587,469.0764746343226,NH-Sample,0.5
109,84.49612403100775,D20,0.82,83.23736572265625,449.0621643066406,446.0828247070313,579.739990234375,20.298971524649872,85.82809483599587,469.0764746343226,NH-Sample,0.5
109,84.49612403100775,D20,0.5284,6.435173034667969,465.0657653808594,378.7892150878906,700.6203002929688,20.298971524649872,85.82809483599587,469.0764746343226,NH-Sample,0.5
109,84.49612403100775,D20,0.4034,162.44525146484375,481.079833984375,339.8148498535156,567.1163940429688,20.298971524649872,85.82809483599587,469.0764746343226,NH-Sample,0.5
109,84.49612403100775,D20,0.3823,293.0155944824219,467.2039794921875,433.095947265625,518.1483764648438,20.298971524649872,85.82809483599587,469.0764746343226,NH-Sample,0.5
109,84.49612403100775,D20,0.3721,226.8799591064453,452.5063781738281,454.8754577636719,527.5958862304688,20.298971524649872,85.82809483599587,469.0764746343226,NH-Sample,0.5
111,86.04651162790698,D11,0.4304,8.277425765991211,472.8287658691406,580.909423828125,655.581787109375,20.299036484182647,85.82817170681902,479.8673589835061,NH-Sample,0.5
115,89.14728682170542,D11,0.8576,50.141395568847656,496.4010925292969,566.9329833984375,682.5230712890625,20.29913350850248,85.82828689526265,496.0136895804755,NH-Sample,0.5
115,89.14728682170542,D11,0.5603,165.47219848632812,540.589111328125,516.6932983398438,659.553466796875,20.29913350850248,85.82828689526265,496.0136895804755,NH-Sample,0.5
115,89.14728682170542,D20,0.4087,347.1663818359375,569.1696166992188,498.4784851074219,643.5203857421875,20.29913350850248,85.82828689526265,496.0136895804755,NH-Sample,0.5
118,91.47286821705426,D11,0.477,5.548919677734375,423.75048828125,637.6246337890625,623.5884399414062,20.299197910538805,85.828363610389,506.7510670204657,NH-Sample,0.5
120,93.02325581395348,D11,0.7042,82.04019927978516,495.6316833496094,667.15625,696.9039916992188,20.299262084732565,85.82844026488885,517.4668440681996,NH-Sample,0.5
121,93.7984496124031,D11,0.716,15.13970947265625,524.5530395507812,651.5083618164062,717.35546875,20.29929408558453,85.82847856970619,522.8166028054247,NH-Sample,0.5
123,95.34883720930232,D11,0.91,520.2620849609375,543.4548950195312,720.0,711.3137817382812,20.29932602852912,85.82851685973179,528.1609275309401,NH-Sample,0.5
123,95.34883720930232,D20,0.6495,503.48968505859375,538.3900756835938,665.2989501953125,646.8106079101562,20.29932602852912,85.82851685973179,528.1609275309401,NH-Sample,0.5
124,96.12403100775194,D11,0.5267,26.563705444335938,460.0845642089844,615.70703125,625.9087524414062,20.299357913269574,85.82855513508949,533.4998086685246,NH-Sample,0.5
124,96.12403100775194,D20,0.3814,362.1790771484375,419.35540771484375,430.3953857421875,446.7023010253906,20.299357913269574,85.82855513508949,533.4998086685246,NH-Sample,0.5
125,96.89922480620154,D11,0.8192,20.53948974609375,431.4619445800781,695.0411376953125,654.0413208007812,20.299389739518297,85.82859339590408,538.8332374768922,NH-Sample,0.5
126,97.67441860465117,D11,0.3827,139.3314971923828,348.2861022949219,716.2576293945312,720.0,20.29942150699681,85.82863164230139,544.1612060404036,NH-Sample,0.5
130,100.7751937984496,D11,0.5044,232.0885009765625,518.8815307617188,498.1965942382813,720.0,20.29951645416517,85.82874629626305,560.1122837347241,NH-Sample,0.5
142,110.07751937984496,D11,0.541,19.06292724609375,422.5576477050781,632.7371215820312,622.6267700195312,20.29979804400402,85.82908952166942,607.6691945211687,NH-Sample,0.5
145,112.4031007751938,D11,0.5729,332.4093322753906,473.1909790039063,579.3667602539062,670.2600708007812,20.29985994706497,85.82916565085188,618.177005793831,NH-Sample,0.5
149,115.50387596899223,D11,0.4838,531.0742797851562,512.903076171875,720.0,720.0,20.299952337710963,85.8292797518724,633.8976519431698,NH-Sample,0.5
155,120.15503875968992,D11,0.9827,0.0,492.1484375,597.8465576171875,720.0,20.30010507761552,85.82946968238377,659.9896715949436,NH-Sample,0.5
161,124.8062015503876,D11,0.7013,19.79365539550781,502.3434753417969,674.7950439453125,708.7880859375,20.30025625396383,85.82965933132272,685.9464614550269,NH-Sample,0.5
163,126.3565891472868,D11,0.8497,24.91321563720703,491.7483215332031,691.473876953125,687.8854370117188,20.30028630117944,85.82969722895119,691.1217343225212,NH-Sample,0.5
167,129.45736434108528,D11,0.555,21.901519775390625,493.1906433105469,673.3939208984375,704.6813354492188,20.300376066637767,85.82981086023166,706.6156669675806,NH-Sample,0.5
170,131.7829457364341,D11,0.9963,5.10040283203125,560.7520751953125,652.8955078125,720.0,20.300465268338783,85.82992440231605,722.0621527307002,NH-Sample,0.5
170,131.7829457364341,D11,0.9686,269.158447265625,541.948486328125,576.7400512695312,720.0,20.300465268338783,85.82992440231605,722.0621527307002,NH-Sample,0.5
181,140.31007751937983,D11,0.8805,5.1546478271484375,442.6314697265625,594.1165771484375,643.6838989257812,20.300700396084554,85.83022677705708,763.0251583867843,NH-Sample,0.5
181,140.31007751937983,D11,0.6745,168.89236450195312,454.9770812988281,431.5633544921875,649.7337646484375,20.300700396084554,85.83022677705708,763.0251583867843,NH-Sample,0.5
181,140.31007751937983,D20,0.4705,100.45571899414062,450.973388671875,440.88275146484375,660.3021850585938,20.300700396084554,85.83022677705708,763.0251583867843,NH-Sample,0.5
181,140.31007751937983,D20,0.4191,311.464599609375,458.2410583496094,416.9366455078125,541.7147827148438,20.300700396084554,85.83022677705708,763.0251583867843,NH-Sample,0.5
181,140.31007751937983,D11,0.3907,247.51585388183597,462.1046752929688,604.6788330078125,630.9949951171875,20.300700396084554,85.83022677705708,763.0251583867843,NH-Sample,0.5
185,143.4108527131783,D11,0.983,0.0,487.94580078125,580.6009521484375,693.9155883789062,20.30078754814861,85.83034002820636,778.3028055130193,NH-Sample,0.5
185,143.4108527131783,D20,0.5384,103.51950073242188,475.4196166992188,510.3928833007813,640.9415283203125,20.30078754814861,85.83034002820636,778.3028055130193,NH-Sample,0.5
186,144.1860465116279,D11,0.9704,5.104866027832031,499.73736572265625,581.346435546875,693.8875122070312,20.300816476216337,85.83037776297824,783.3854534595123,NH-Sample,0.5
186,144.1860465116279,D11,0.3886,270.9552001953125,507.8697814941406,576.3861694335938,659.3494262695312,20.300816476216337,85.83037776297824,783.3854534595123,NH-Sample,0.5
186,144.1860465116279,D20,0.3708,202.9041290283203,492.4114685058594,575.4889526367188,654.865234375,20.300816476216337,85.83037776297824,783.3854534595123,NH-Sample,0.5
190,147.28682170542635,D11,0.9589,286.49639892578125,530.8745727539062,542.9224853515625,720.0,20.30090289502101,85.83049092273485,798.6041133246738,NH-Sample,0.5
190,147.28682170542635,D11,0.7364,196.8430633544922,563.494384765625,344.5943603515625,719.626708984375,20.30090289502101,85.83049092273485,798.6041133246738,NH-Sample,0.5
190,147.28682170542635,D11,0.4574,0.9348678588867188,561.8311767578125,505.84466552734375,720.0,20.30090289502101,85.83049092273485,798.6041133246738,NH-Sample,0.5
193,149.6124031007752,D11,0.8008,23.87054443359375,494.6285705566406,675.1192016601562,697.1507568359375,20.300960205032403,85.83056632707654,808.7257987647142,NH-Sample,0.5
199,154.2635658914729,D11,0.6395,3.828941345214844,490.8777160644531,607.3367919921875,696.5625,20.30110243425397,85.83075472331859,833.9476567633341,NH-Sample,0.5
200,155.03875968992247,D11,0.6597,6.234878540039063,430.7400817871094,602.3030395507812,620.1544799804688,20.30113070281044,85.83079238424916,838.9781928357464,NH-Sample,0.5
201,155.81395348837208,D11,0.3837,92.25556182861328,427.5117492675781,689.15869140625,625.0606079101562,20.30115891290109,85.83083003946393,844.0042029544135,NH-Sample,0.5
202,156.5891472868217,D11,0.9242,104.37842559814452,431.9815979003906,705.312744140625,610.1478271484375,20.30115891290109,85.83083003946393,844.0042029544135,NH-Sample,0.5
213,165.11627906976744,D11,0.8607,18.60273742675781,563.693359375,706.2500610351562,720.0,20.301410223337964,85.83116870703337,889.041119978489,NH-Sample,0.5
213,165.11627906976744,D11,0.7542,164.08506774902344,524.6722412109375,461.2932434082031,720.0,20.301410223337964,85.83116870703337,889.041119978489,NH-Sample,0.5
215,166.66666666666666,D11,0.5164,4.235538482666016,557.1905517578125,459.2035827636719,719.7488403320312,20.301437866124346,85.83120631439174,894.0240688087371,NH-Sample,0.5
222,172.09302325581396,D11,0.7908,286.0258483886719,500.8416137695313,447.6445617675781,661.9598999023438,20.30160258586314,85.83143188374643,923.8378104780425,NH-Sample,0.5
222,172.09302325581396,D11,0.4575,165.54583740234375,509.379150390625,595.1427612304688,666.3424682617188,20.30160258586314,85.83143188374643,923.8378104780425,NH-Sample,0.5
223,172.86821705426357,D11,0.3825,39.30255889892578,430.92333984375,568.8002319335938,618.8192138671875,20.301629853456152,85.83146946778048,928.793205239253,NH-Sample,0.5
224,173.64341085271317,D11,0.867,37.1762924194336,498.6658020019531,693.2957763671875,700.5042724609375,20.301629853456152,85.83146946778048,928.793205239253,NH-Sample,0.5
226,175.1937984496124,D11,0.687,18.301025390625,401.67291259765625,625.5982055664062,584.1187744140625,20.30168423332493,85.83154462809641,938.6927962300426,NH-Sample,0.5
228,176.74418604651163,D11,0.988,0.0,422.0877990722656,621.4555053710938,619.1791381835938,20.301711346497477,85.83158220472481,943.6370897145605,NH-Sample,0.5
228,176.74418604651163,D20,0.5347,115.2539291381836,411.3056640625,484.3294677734375,612.105712890625,20.301711346497477,85.83158220472481,943.6370897145605,NH-Sample,0.5
229,177.51937984496124,D11,0.8109,33.231651306152344,434.91302490234375,686.3611450195312,623.677490234375,20.301738409106672,85.83161977923145,948.5777808437682,NH-Sample,0.5
231,179.06976744186045,D11,0.999,494.9702758789063,540.7849731445312,720.0,720.0,20.30179238451629,85.83169492257416,958.4485558713965,NH-Sample,0.5
231,179.06976744186045,D11,0.9921,167.81011962890625,538.6251831054688,720.0,715.2051391601562,20.30179238451629,85.83169492257416,958.4485558713965,NH-Sample,0.5
231,179.06976744186045,D11,0.3606,581.7586059570312,592.5560913085938,720.0,720.0,20.30179238451629,85.83169492257416,958.4485558713965,NH-Sample,0.5
235,182.1705426356589,D11,0.918,421.1014099121094,506.4887390136719,715.81640625,707.1026611328125,20.301872980367985,85.83180762602046,973.2289619106479,NH-Sample,0.5
240,186.04651162790697,D20,0.4919,187.8347625732422,604.996337890625,306.9549255371094,654.0269775390625,20.301979777072912,85.83195788300353,992.8902703899037,NH-Sample,0.5
243,188.3720930232558,D11,0.5314,4.710765838623047,416.1420593261719,511.4303283691406,593.6605224609375,20.30203290009156,85.83203300851389,1002.7022084344418,NH-Sample,0.5
247,191.47286821705427,D11,0.7482,2.884735107421875,428.8539123535156,583.6212768554688,630.17138671875,20.302112252716288,85.83214569697824,1017.3979412572917,NH-Sample,0.5
249,193.02325581395348,D11,0.5287,25.083297729492188,495.4636840820313,702.1227416992188,694.4502563476562,20.30216493977991,85.8322208247891,1027.180958932525,NH-Sample,0.5
254,196.89922480620157,D11,0.9999,124.6234130859375,502.6764221191406,707.9275512695312,690.0030517578125,20.30226981963572,85.8323710918911,1046.7150904430302,NH-Sample,0.5
254,196.89922480620157,D11,0.9919,423.7076416015625,485.5224914550781,720.0,684.9166870117188,20.30226981963572,85.8323710918911,1046.7150904430302,NH-Sample,0.5
254,196.89922480620157,D11,0.9872,6.215240478515625,504.1678771972656,487.0330505371094,720.0,20.30226981963572,85.8323710918911,1046.7150904430302,NH-Sample,0.5
254,196.89922480620157,D11,0.9829,215.97613525390625,498.8427429199219,475.4245910644531,705.59033203125,20.30226981963572,85.8323710918911,1046.7150904430302,NH-Sample,0.5
263,203.8759689922481,D11,0.9672,167.27688598632812,479.8646240234375,714.7390747070312,700.7109375,20.30245187505149,85.83263412519072,1080.807069377514,NH-Sample,0.5
263,203.8759689922481,D11,0.6011,404.2612915039063,512.9857788085938,720.0,713.1643676757812,20.30245187505149,85.83263412519072,1080.807069377514,NH-Sample,0.5
264,204.65116279069767,D11,0.5249,1.5044403076171875,499.90423583984375,612.2177734375,718.91943359375,20.30245187505149,85.83263412519072,1080.807069377514,NH-Sample,0.5
266,206.20155038759688,D11,0.4113,84.25847625732422,494.1194152832031,705.014892578125,682.9920043945312,20.302503568495865,85.83270929973091,1090.5282416293405,NH-Sample,0.5
268,207.75193798449607,D11,0.9768,25.030426025390625,494.9294738769531,680.5715942382812,693.2756958007812,20.3025293647401,85.83274689156102,1095.3858937266702,NH-Sample,0.5
270,209.3023255813953,D20,0.4599,372.51123046875,639.017822265625,522.3980712890625,719.7623901367188,20.302580859606927,85.83282208520343,1105.095631678181,NH-Sample,0.5
271,210.07751937984492,D11,0.7684,342.4721374511719,434.8587341308594,633.0579223632812,720.0,20.302606559578567,85.83285968735994,1109.9478389237156,NH-Sample,0.5
271,210.07751937984492,D11,0.6059,49.6988525390625,434.7301635742188,718.8807373046875,720.0,20.302606559578567,85.83285968735994,1109.9478389237156,NH-Sample,0.5
282,218.6046511627907,D11,0.4588,21.589920043945312,468.7620239257813,699.0300903320312,673.7152099609375,20.30281111121444,85.83316065527178,1148.7097069121905,NH-Sample,0.5
283,219.3798449612403,D11,0.9662,36.39617538452149,498.2835998535156,611.0443115234375,689.9733276367188,20.30283655969052,85.83319829764953,1153.5488942728082,NH-Sample,0.5
283,219.3798449612403,D11,0.7339,276.95758056640625,514.7732543945312,597.1917724609375,664.7021484375,20.30283655969052,85.83319829764953,1153.5488942728082,NH-Sample,0.5
283,219.3798449612403,D20,0.4879,247.91094970703125,474.4042663574219,594.0460205078125,664.4895629882812,20.30283655969052,85.83319829764953,1153.5488942728082,NH-Sample,0.5
289,224.031007751938,D11,0.834,25.78099822998047,496.2342834472656,678.8245849609375,694.7715454101562,20.30296345074909,85.83338659267581,1177.729046762908,NH-Sample,0.5
289,224.031007751938,D11,0.4029,38.19637298583984,510.1960754394531,387.22259521484375,718.981201171875,20.30296345074909,85.83338659267581,1177.729046762908,NH-Sample,0.5
292,226.35658914728683,D11,0.5073,23.06483459472656,487.9390258789063,703.3533935546875,708.6366577148438,20.303014056910417,85.83346195261352,1187.3949165763122,NH-Sample,0.5
298,231.0077519379845,D11,0.9206,2.7038726806640625,516.6720581054688,534.5746459960938,720.0,20.30314024873861,85.83365046891579,1211.5485411759967,NH-Sample,0.5
299,231.7829457364341,D11,0.8099,7.374057769775391,490.0856628417969,431.5965270996094,690.584228515625,20.30314024873861,85.83365046891579,1211.5485411759967,NH-Sample,0.5
299,231.7829457364341,D20,0.3775,266.9691162109375,528.4894409179688,370.8495178222656,577.7026977539062,20.30314024873861,85.83365046891579,1211.5485411759967,NH-Sample,0.5
304,235.65891472868216,D11,0.9294,137.4612274169922,543.0128784179688,711.327392578125,720.0,20.303240919250204,85.83380141259538,1230.8642697179112,NH-Sample,0.5
305,236.43410852713177,D11,0.7437,23.223655700683597,489.9444274902344,668.7410278320312,693.771728515625,20.303266053938373,85.83383916801711,1235.6927367220055,NH-Sample,0.5
308,238.75968992248065,D11,0.5751,506.516357421875,418.6844177246094,717.54638671875,720.0,20.303316289174,85.83391470339197,1245.349559134074,NH-Sample,0.5
311,241.08527131782944,D11,0.6212,22.40414428710937,501.7327880859375,704.3767700195312,710.4983520507812,20.30339156828664,85.83402807018129,1259.8354710644508,NH-Sample,0.5
314,243.4108527131783,D11,0.7586,26.682769775390625,496.3538208007813,632.1925659179688,679.0264892578125,20.303441714267187,85.83410369237713,1269.493942317096,NH-Sample,0.5
316,244.9612403100775,D11,0.8952,3.117713928222656,488.9397888183594,640.77001953125,688.52978515625,20.30349183545145,85.83417935151031,1279.1539660077306,NH-Sample,0.5
317,245.73643410852716,D11,0.7851,374.6440124511719,569.9088134765625,693.7750854492188,719.478271484375,20.30349183545145,85.83417935151031,1279.1539660077306,NH-Sample,0.5
317,245.73643410852716,D43,0.5046,410.5296325683594,603.683349609375,503.30560302734375,719.1095581054688,20.30349183545145,85.83417935151031,1279.1539660077306,NH-Sample,0.5
323,250.3875968992248,D11,0.4801,3.4138641357421875,489.7646789550781,480.5443115234375,717.817626953125,20.30361707102006,85.83436866910148,1303.3141588098692,NH-Sample,0.5
325,251.937984496124,D11,0.7796,3.2936325073242188,525.4932861328125,599.4823608398438,720.0,20.30366715476081,85.834444467265,1312.983622785475,NH-Sample,0.5
325,251.937984496124,D20,0.5277,78.26831817626953,635.4277954101562,265.5450134277344,720.0,20.30366715476081,85.834444467265,1312.983622785475,NH-Sample,0.5
328,254.2635658914729,D11,0.6747,6.173458099365234,491.0907897949219,518.0929565429688,675.9307861328125,20.303717241929206,85.8345203078914,1322.6569245132994,NH-Sample,0.5
338,262.015503875969,D11,0.5176,4.128593444824219,492.0488586425781,611.0431518554688,701.5654296875,20.303917750338687,85.83482411877006,1361.3985702642153,NH-Sample,0.5
340,263.5658914728682,D11,0.7294,22.657516479492188,503.5289001464844,696.3898315429688,718.7341918945312,20.30394284476326,85.8348621479785,1366.247756492876,NH-Sample,0.5
345,267.4418604651163,D11,0.7458,422.4312438964844,462.6097717285156,718.4779663085938,683.5155029296875,20.30404332478255,85.83501438844118,1385.661587613565,NH-Sample,0.5
348,269.7674418604651,D11,0.5227,452.2564392089844,457.3180541992188,720.0,650.6470336914062,20.30409363699904,85.83509058480426,1395.3796138497732,NH-Sample,0.5
348,269.7674418604651,D11,0.391,149.96942138671875,451.9757385253906,720.0,642.4541625976562,20.30409363699904,85.83509058480426,1395.3796138497732,NH-Sample,0.5
353,273.64341085271315,D11,0.8181,2.751869201660156,503.4302062988281,618.3637084960938,717.42919921875,20.304194436529816,85.83524313528002,1414.8403212986825,NH-Sample,0.5
360,279.06976744186045,D11,0.9831,1.7261924743652344,513.0418701171875,538.3591918945312,720.0,20.30434616449444,85.83547237138421,1444.1002211130683,NH-Sample,0.5
362,280.62015503875966,D43,0.7982,183.10910034179688,583.0856323242188,305.0362243652344,713.928955078125,20.304371523775448,85.83551062695362,1448.985662832776,NH-Sample,0.5
362,280.62015503875966,D11,0.537,6.611778259277344,537.9569091796875,315.4035339355469,720.0,20.304371523775448,85.83551062695362,1448.985662832776,NH-Sample,0.5
362,280.62015503875966,D11,0.4898,17.812820434570312,502.9282836914063,676.3949584960938,718.8688354492188,20.304371523775448,85.83551062695362,1448.985662832776,NH-Sample,0.5
364,282.17054263565893,D11,0.6073,7.32952880859375,471.0906677246094,573.2128295898438,656.4214477539062,20.304422310088373,85.83558718171032,1458.7646081965288,NH-Sample,0.5
368,285.27131782945736,D11,0.7792,16.25859832763672,524.032958984375,679.6785278320312,719.5167846679688,20.304498669858194,85.83570212475256,1473.454045881222,NH-Sample,0.5
380,294.5736434108527,D11,0.6496,1.4028167724609375,491.93109130859375,620.3811645507812,706.5391235351562,20.30472922710181,85.83604778271395,1517.6879508660638,NH-Sample,0.5
381,295.3488372093023,D11,0.7246,20.629920959472656,561.6298828125,706.9976196289062,719.9088134765625,20.30475499652515,85.83608626841642,1522.6193613977853,NH-Sample,0.5
387,300.0,D11,0.842,22.60752868652344,499.7102355957031,703.6798095703125,716.7982788085938,20.304858409720676,85.83624037495655,1542.380584277978,NH-Sample,0.5
396,306.9767441860465,D11,0.5166,16.651702880859375,353.9297790527344,702.9944458007812,720.0,20.30504077453765,85.83651070802098,1577.1077140963687,NH-Sample,0.5
397,307.7519379844961,D11,0.7307,6.898487091064453,461.687255859375,536.604736328125,640.4642944335938,20.30506698134734,85.8365493958396,1582.0846072815589,NH-Sample,0.5
397,307.7519379844961,D20,0.4784,207.88113403320312,439.1652221679688,536.2131958007812,642.211181640625,20.30506698134734,85.8365493958396,1582.0846072815589,NH-Sample,0.5
398,308.52713178294573,D11,0.8418,8.406875610351562,548.4508056640625,689.8194580078125,720.0,20.30509322866552,85.83658810115422,1587.0656170638497,NH-Sample,0.5
399,309.30232558139534,D11,0.3789,23.987274169921875,499.20989990234375,703.3617553710938,697.8231811523438,20.305119517088357,85.83662682405972,1592.050791663622,NH-Sample,0.5
403,312.40310077519376,D11,0.5084,34.53717041015625,426.455322265625,668.727783203125,624.65869140625,20.30519863484916,85.83674309925169,1607.031779752806,NH-Sample,0.5
403,312.40310077519376,D20,0.419,351.60479736328125,397.7789611816406,435.61175537109375,442.5438537597656,20.30519863484916,85.83674309925169,1607.031779752806,NH-Sample,0.5
404,313.1782945736434,D11,0.8256,3.3666915893554688,536.9361572265625,588.1112670898438,720.0,20.30522509352195,85.83678189344472,1612.034086691313,NH-Sample,0.5
405,313.95348837209303,D11,0.5526,17.99073028564453,562.5869750976562,710.804443359375,719.46484375,20.30522509352195,85.83678189344472,1612.034086691313,NH-Sample,0.5
405,313.95348837209303,D11,0.4019,435.9441528320313,539.4927978515625,649.33447265625,720.0,20.30522509352195,85.83678189344472,1612.034086691313,NH-Sample,0.5
411,318.6046511627907,D11,0.827,0.5662078857421875,493.5520629882813,635.8278198242188,700.0615234375,20.30535805770764,85.83697613683916,1637.1125073242845,NH-Sample,0.5
412,319.3798449612403,D11,0.4365,223.27671813964844,545.9320678710938,708.5071411132812,720.0,20.305384788503197,85.83701504059802,1642.141879550669,NH-Sample,0.5
413,320.1550387596899,D11,0.4249,5.947757720947266,558.3656616210938,398.920166015625,719.0792846679688,20.30541156651604,85.83705396290895,1647.1759157466868,NH-Sample,0.5
418,324.031007751938,D11,0.9911,114.3211898803711,532.9178466796875,713.7042236328125,708.3458862304688,20.30549218895044,85.83717084194508,1662.306429120087,NH-Sample,0.5
418,324.031007751938,D11,0.5747,178.91976928710938,518.4483642578125,482.3714904785156,714.2108764648438,20.30549218895044,85.83717084194508,1662.306429120087,NH-Sample,0.5
418,324.031007751938,D11,0.565,348.1778259277344,561.3323364257812,720.0,715.6395874023438,20.30549218895044,85.83717084194508,1662.306429120087,NH-Sample,0.5
422,327.1317829457364,D11,0.4896,3.465293884277344,515.6467895507812,597.5769653320312,720.0,20.305600376826224,85.83732694507745,1682.5482510266065,NH-Sample,0.5
429,332.5581395348837,D11,0.7467,12.712898254394531,443.17816162109375,643.6165161132812,640.5706176757812,20.305736764692,85.8375225054174,1707.963015288438,NH-Sample,0.5
434,336.4341085271318,D11,0.6135,34.47358703613281,498.7427673339844,707.2893676757812,695.2438354492188,20.305846831296996,85.83767930401702,1728.3876824456572,NH-Sample,0.5
441,341.86046511627904,D11,0.6399,0.1921920776367187,536.6373901367188,568.601318359375,718.4215087890625,20.30598565163375,85.83787574651925,1754.0381579062093,NH-Sample,0.5
441,341.86046511627904,D11,0.5268,7.727714538574219,539.4425048828125,284.8703308105469,720.0,20.30598565163375,85.83787574651925,1754.0381579062093,NH-Sample,0.5
444,344.1860465116279,D11,0.4649,390.4604187011719,488.4154052734375,563.84912109375,670.7854614257812,20.30606962091642,85.83799385157465,1769.4937558354209,NH-Sample,0.5
444,344.1860465116279,D11,0.4566,32.39957427978516,493.0445556640625,674.0658569335938,696.3678588867188,20.30606962091642,85.83799385157465,1769.4937558354209,NH-Sample,0.5
445,344.9612403100775,D11,0.5715,113.89924621582033,546.7185668945312,720.0,718.7728271484375,20.30606962091642,85.83799385157465,1769.4937558354209,NH-Sample,0.5
460,356.5891472868217,D11,0.9995,296.6147155761719,461.6321105957031,577.6016845703125,648.6060791015625,20.30641076035544,85.8384680961692,1831.8223920964474,NH-Sample,0.5
460,356.5891472868217,D11,0.3709,358.45965576171875,459.1816101074219,520.7816772460938,606.6967163085938,20.30641076035544,85.8384680961692,1831.8223920964474,NH-Sample,0.5
463,358.9147286821705,D11,0.4136,4.372077941894531,534.4221801757812,628.7877197265625,708.8397216796875,20.306468455866625,85.83854742377487,1842.2911124322056,NH-Sample,0.5
464,359.68992248062017,D20,0.4757,414.3824157714844,559.5658569335938,525.3436279296875,662.8548583984375,20.306497395117177,85.83858711855068,1847.5342619082855,NH-Sample,0.5
465,360.4651162790698,D11,0.9524,148.3225555419922,556.2232055664062,718.42333984375,720.0,20.306526395599747,85.83862683401014,1852.7832940219039,NH-Sample,0.5
465,360.4651162790698,D11,0.6474,359.03497314453125,554.4957885742188,642.3817138671875,720.0,20.306526395599747,85.83862683401014,1852.7832940219039,NH-Sample,0.5
465,360.4651162790698,D20,0.6168,443.8248596191406,588.0384521484375,497.9566955566406,618.3875122070312,20.306526395599747,85.83862683401014,1852.7832940219039,NH-Sample,0.5
466,361.2403100775194,D11,0.6746,29.1280517578125,428.9541015625,685.7513427734375,618.3341674804688,20.30655545747889,85.83866657017779,1858.0382251606748,NH-Sample,0.5
467,362.015503875969,D11,0.3677,0.0,361.1169738769531,591.5280151367188,720.0,20.30655545747889,85.83866657017779,1858.0382251606748,NH-Sample,0.5
468,362.7906976744186,D11,0.3783,185.70999145507807,495.2825622558594,716.9852294921875,694.669189453125,20.30658458090952,85.83870632707664,1863.2990709482292,NH-Sample,0.5
472,365.891472868217,D11,0.4338,26.938888549804688,496.1212768554688,715.2918090820312,669.1989135742188,20.306672321914675,85.83882572236898,1879.1172409959545,NH-Sample,0.5
475,368.2170542635659,D11,0.998,123.33073425292967,502.6735229492188,711.2415161132812,691.9287109375,20.306760621531566,85.83894530493255,1894.989131774676,NH-Sample,0.5
475,368.2170542635659,D11,0.7498,430.0291748046875,522.1837158203125,719.5237426757812,714.42333984375,20.306760621531566,85.83894530493255,1894.989131774676,NH-Sample,0.5
475,368.2170542635659,D11,0.6916,152.3300018310547,505.8853149414063,414.8471374511719,703.2479858398438,20.306760621531566,85.83894530493255,1894.989131774676,NH-Sample,0.5
483,374.4186046511628,D11,0.6699,399.0705261230469,456.8197021484375,626.5714111328125,647.2979125976562,20.30693890625216,85.83918503330511,1926.8951985479691,NH-Sample,0.5
495,383.72093023255815,D11,0.8924,21.263282775878903,498.099853515625,697.4874877929688,707.3106079101562,20.307210562413783,85.83954603625503,1975.1625316981012,NH-Sample,0.5
497,385.27131782945736,D11,0.7196,541.6790771484375,476.4292602539063,720.0,720.0,20.30727161893681,85.83962648887109,1985.9552685935473,NH-Sample,0.5
501,388.3720930232558,D43,0.56,199.1677398681641,509.2347106933594,286.5253295898437,592.9358520507812,20.307363671035567,85.83974732412227,2002.1897591086415,NH-Sample,0.5
503,389.9224806201551,D11,0.6425,0.0,490.9865112304688,570.0101928710938,672.2933959960938,20.30739447929784,85.83978764416902,2007.6133386570286,NH-Sample,0.5
503,389.9224806201551,D11,0.3834,0.0,505.5139770507813,271.5885009765625,720.0,20.30739447929784,85.83978764416902,2007.6133386570286,NH-Sample,0.5
507,393.0232558139535,D11,0.972,33.632720947265625,492.32080078125,688.8491821289062,691.7691040039062,20.30748727510878,85.8399087289513,2023.9202293179362,NH-Sample,0.5
509,394.5736434108527,D11,0.9113,6.57037353515625,462.0941467285156,591.5702514648438,649.2589721679688,20.307549446762888,85.83998955579881,2034.8215291226627,NH-Sample,0.5
515,399.2248062015504,D11,0.957,3.819499969482422,418.69775390625,517.0138549804688,623.1917114257812,20.30770594337816,85.84019198427438,2062.179273863261,NH-Sample,0.5
515,399.2248062015504,D20,0.4365,140.65411376953125,399.2044372558594,521.0850830078125,601.7314453125,20.30770594337816,85.84019198427438,2062.179273863261,NH-Sample,0.5
519,402.3255813953488,D11,0.5573,21.074180603027344,515.2852783203125,683.7737426757812,710.8313598632812,20.3078005654053,85.84031368796535,2078.6650261459476,NH-Sample,0.5
524,406.2015503875969,D43,0.5799,292.43316650390625,539.258056640625,354.4766540527344,648.0478515625,20.30792755989076,85.8404762453248,2100.7280556414676,NH-Sample,0.5
524,406.2015503875969,D11,0.3918,14.324386596679688,478.4311828613281,675.0278930664062,652.3114013671875,20.30792755989076,85.8404762453248,2100.7280556414676,NH-Sample,0.5
526,407.7519379844961,D11,0.7316,24.047080993652344,485.1273193359375,705.7232666015625,714.5391235351562,20.30795945530047,85.84051693543405,2106.2583320526505,NH-Sample,0.5
530,410.85271317829455,D20,0.4233,8.723007202148438,577.2990112304688,353.1105041503906,718.3162231445312,20.308055489230014,85.84063912691913,2122.883662475205,NH-Sample,0.5
534,413.953488372093,D11,0.9818,84.99504089355469,482.9580993652344,679.0550537109375,686.5401000976562,20.30815203815897,85.84076149915431,2139.5602456284705,NH-Sample,0.5
534,413.953488372093,D11,0.7077,355.09088134765625,468.4797668457031,656.2275390625,664.2779541015625,20.30815203815897,85.84076149915431,2139.5602456284705,NH-Sample,0.5
538,417.05426356589146,D11,0.9737,1.1605682373046875,519.539306640625,437.0819396972656,720.0,20.30824909306017,85.84088405077772,2156.2873855470125,NH-Sample,0.5
548,424.8062015503876,D11,0.9164,3.56667709350586,429.2701721191406,423.7245788574219,654.3847045898438,20.30851030348056,85.84121172055006,2201.1342732716607,NH-Sample,0.5
548,424.8062015503876,D11,0.5716,0.043619155883789,467.6607971191406,267.05291748046875,720.0,20.30851030348056,85.84121172055006,2201.1342732716607,NH-Sample,0.5
560,434.1085271317829,D11,0.775,95.7297821044922,499.0268249511719,711.1856689453125,697.7742919921875,20.30880811907516,85.84158182100929,2251.9892152783264,NH-Sample,0.5
560,434.1085271317829,D20,0.6239,203.98678588867188,521.2125244140625,309.7584228515625,582.7211303710938,20.30880811907516,85.84158182100929,2251.9892152783264,NH-Sample,0.5
560,434.1085271317829,D20,0.4415,127.25917053222656,506.8908996582031,324.5799255371094,612.8566284179688,20.30880811907516,85.84158182100929,2251.9892152783264,NH-Sample,0.5
566,438.7596899224806,D11,0.5493,7.201675415039063,476.6317443847656,621.4063720703125,658.7918701171875,20.30897526037685,85.841788087207,2280.416149659296,NH-Sample,0.5
568,440.31007751937983,D11,0.4756,24.246826171875,435.5000305175781,643.692138671875,624.7689819335938,20.30904243525144,85.84187072165076,2291.820171805624,NH-Sample,0.5
571,442.6356589147287,D11,0.8484,2.9557342529296875,424.3982238769531,623.9616088867188,641.9634399414062,20.30910978545176,85.84195342818313,2303.24264510514,NH-Sample,0.5
576,446.5116279069768,D11,0.9463,130.67576599121094,500.6582336425781,705.0892333984375,690.0599365234375,20.30924499353776,85.84211905462548,2326.141415757591,NH-Sample,0.5
576,446.5116279069768,D11,0.619,370.8724060058594,475.366943359375,669.27197265625,675.6200561523438,20.30924499353776,85.84211905462548,2326.141415757591,NH-Sample,0.5
583,451.9379844961241,D43,0.7027,164.1482391357422,614.444580078125,279.1783142089844,720.0,20.309414906636675,85.84232647998422,2354.861687296683,NH-Sample,0.5
590,457.3643410852713,D11,0.4695,192.7004547119141,492.8840026855469,714.3509521484375,695.60400390625,20.309620024552107,85.84257594939453,2389.459354179283,NH-Sample,0.5
590,457.3643410852713,D11,0.4216,455.2224731445313,492.3272705078125,718.4009399414062,678.658447265625,20.309620024552107,85.84257594939453,2389.459354179283,NH-Sample,0.5
597,462.7906976744186,D11,0.9486,29.30877685546875,420.0601196289063,687.157470703125,610.0297241210938,20.30979187957213,85.84278429094269,2418.3937640129257,NH-Sample,0.5
598,463.5658914728682,D11,0.7641,27.740753173828125,490.5869140625,710.0037841796875,670.3688354492188,20.309826343261538,85.84282600706182,2424.1911953159643,NH-Sample,0.5
600,465.1162790697674,D43,0.7222,217.2401123046875,524.34326171875,323.6309814453125,628.4052124023438,20.309860836242716,85.84286773885188,2429.9920052955094,NH-Sample,0.5
606,469.7674418604651,D11,0.4732,4.305267333984375,424.1062622070313,633.9579467773438,638.61328125,20.31003371599253,85.84307662876799,2459.044620652294,NH-Sample,0.5
613,475.1937984496124,D11,0.4122,11.308021545410156,442.1407775878906,549.1318359375,636.0093383789062,20.310207221737347,85.84328589260122,2488.1725230749953,NH-Sample,0.5
615,476.7441860465116,D11,0.7163,2.835845947265625,512.8030395507812,606.502685546875,720.0,20.310276778978437,85.84336969936871,2499.8430008691917,NH-Sample,0.5
619,479.84496124031006,D11,0.6661,2.83938217163086,492.2206726074219,540.9450073242188,712.9235229492188,20.310381262362224,85.8434955147986,2517.367805472977,NH-Sample,0.5
619,479.84496124031006,D20,0.3688,32.25788497924805,550.8555908203125,436.1911926269531,698.143798828125,20.310381262362224,85.8434955147986,2517.367805472977,NH-Sample,0.5
621,481.39534883720927,D11,0.7947,66.60248565673828,540.250732421875,707.892333984375,719.987060546875,20.310451007561536,85.84357946041622,2529.062971637069,NH-Sample,0.5
621,481.39534883720927,D11,0.3876,390.6587219238281,537.9474487304688,708.2235717773438,720.0,20.310451007561536,85.84357946041622,2529.062971637069,NH-Sample,0.5
623,482.9457364341085,D43,0.5453,111.21165466308594,525.31396484375,210.26747131347656,611.9193115234375,20.31048590478027,85.84362145342735,2534.9139458589975,NH-Sample,0.5
624,483.72093023255815,D11,0.9784,154.4721221923828,562.0035400390625,720.0,720.0,20.310520817399382,85.84366345972803,2540.767092279851,NH-Sample,0.5
624,483.72093023255815,D11,0.8899,416.3006591796875,575.787353515625,720.0,719.2413940429688,20.310520817399382,85.84366345972803,2540.767092279851,NH-Sample,0.5
630,488.3720930232558,D11,0.8253,407.6434326171875,526.833251953125,683.6671752929688,720.0,20.310695584742355,85.84387368581329,2570.0630627191285,NH-Sample,0.5
630,488.3720930232558,D11,0.7898,18.49864196777344,531.6094360351562,680.6932373046875,720.0,20.310695584742355,85.84387368581329,2570.0630627191285,NH-Sample,0.5
633,490.6976744186047,D11,0.9091,29.232833862304688,427.5418701171875,693.8482666015625,620.08837890625,20.31076557263661,85.84395786447489,2581.794301993233,NH-Sample,0.5
634,491.4728682170543,D11,0.6694,2.9532623291015625,496.316650390625,640.2254028320312,716.2203369140625,20.310800580838347,85.84399997215137,2587.6624035477644,NH-Sample,0.5
638,494.5736434108527,D11,0.8637,2.604583740234375,492.7151184082031,560.894287109375,696.820068359375,20.310905653130952,85.84412636685461,2605.2758142714974,NH-Sample,0.5
643,498.4496124031008,D43,0.3737,196.9969482421875,561.5256958007812,276.4328918457031,648.38720703125,20.31104583165161,85.84429505497069,2628.7790396066666,NH-Sample,0.5
644,499.2248062015504,D11,0.7724,97.03619384765624,513.4359741210938,708.9149169921875,701.4113159179688,20.31104583165161,85.84429505497069,2628.7790396066666,NH-Sample,0.5
652,505.4263565891473,D11,0.9438,105.42906188964844,502.68450927734375,711.2213745117188,692.2207641601562,20.31129122917016,85.84459067775626,2669.948608189432,NH-Sample,0.5
652,505.4263565891473,D20,0.556,463.818603515625,535.3292236328125,533.7935180664062,572.929931640625,20.31129122917016,85.84459067775626,2669.948608189432,NH-Sample,0.5
652,505.4263565891473,D20,0.4393,415.70745849609375,525.22314453125,538.5486450195312,575.0704956054688,20.31129122917016,85.84459067775626,2669.948608189432,NH-Sample,0.5
652,505.4263565891473,D20,0.421,299.8072814941406,510.0581970214844,673.8465576171875,683.5571899414062,20.31129122917016,85.84459067775626,2669.948608189432,NH-Sample,0.5
653,506.2015503875969,D11,0.5488,5.2993927001953125,505.6717529296875,592.87744140625,716.8050537109375,20.31129122917016,85.84459067775626,2669.948608189432,NH-Sample,0.5
656,508.5271317829457,D11,0.9253,339.25518798828125,514.5610961914062,627.6383666992188,720.0,20.31139637775994,85.84471752577372,2687.6030079777984,NH-Sample,0.5
656,508.5271317829457,D11,0.8905,95.12635803222656,540.0067749023438,715.1470336914062,720.0,20.31139637775994,85.84471752577372,2687.6030079777984,NH-Sample,0.5
661,512.4031007751938,D11,0.9994,88.02259826660156,531.4959106445312,714.84765625,720.0,20.31153650434152,85.84488678878019,2711.1472726820934,NH-Sample,0.5
661,512.4031007751938,D11,0.9484,437.4308166503906,544.0945434570312,718.7728271484375,720.0,20.31153650434152,85.84488678878019,2711.1472726820934,NH-Sample,0.5
667,517.0542635658915,D11,0.3953,10.019943237304688,513.7081909179688,558.4974365234375,704.3991088867188,20.31167650337085,85.84505619380379,2734.693250850642,NH-Sample,0.5
669,518.6046511627907,D11,0.4482,5.2246856689453125,422.1453857421875,501.1314086914063,643.6282348632812,20.31174643952134,85.84514094639468,2746.4654982155566,NH-Sample,0.5
674,522.4806201550388,D11,0.8452,0.4607391357421875,560.9243774414062,642.0756225585938,719.6024780273438,20.311886154259284,85.8453105452984,2770.0057569893047,NH-Sample,0.5
685,531.0077519379845,D11,0.9934,84.6741714477539,504.3010864257813,712.9905395507812,701.0745849609375,20.31216478299596,85.84565008141274,2817.054080703709,NH-Sample,0.5
685,531.0077519379845,D11,0.6975,410.7652893066406,528.8993530273438,718.7295532226562,717.5524291992188,20.31216478299596,85.84565008141274,2817.054080703709,NH-Sample,0.5
686,531.782945736434,D11,0.3865,1.1173095703125,492.2135925292969,660.3425903320312,664.27392578125,20.312199521869054,85.84569255192297,2822.9307903376125,NH-Sample,0.5
690,534.8837209302326,D11,0.9752,26.407012939453125,490.6806945800781,696.2216186523438,683.734130859375,20.3123036011252,85.84581999744157,2840.5535524472175,NH-Sample,0.5
690,534.8837209302326,D20,0.7533,213.8723907470703,473.9056396484375,575.6069946289062,649.3836669921875,20.3123036011252,85.84581999744157,2840.5535524472175,NH-Sample,0.5
690,534.8837209302326,D11,0.3695,221.81539916992188,497.4303894042969,637.1192626953125,647.5233764648438,20.3123036011252,85.84581999744157,2840.5535524472175,NH-Sample,0.5
692,536.4341085271318,D43,0.5239,329.14227294921875,531.8302001953125,428.5357360839844,649.3221435546875,20.3123728655572,85.84590498776026,2852.295267830325,NH-Sample,0.5
693,537.2093023255813,D11,0.7585,112.29400634765624,544.429443359375,720.0,718.6368408203125,20.3123728655572,85.84590498776026,2852.295267830325,NH-Sample,0.5
693,537.2093023255813,D11,0.7111,438.1266479492188,570.8223876953125,720.0,720.0,20.3123728655572,85.84590498776026,2852.295267830325,NH-Sample,0.5
693,537.2093023255813,D43,0.4228,445.5231323242188,621.11865234375,526.70166015625,719.9512329101562,20.3123728655572,85.84590498776026,2852.295267830325,NH-Sample,0.5
694,537.984496124031,D11,0.4336,8.745941162109375,480.6856384277344,586.7474975585938,644.0889892578125,20.312407459090736,85.84594749040447,2858.1638932324063,NH-Sample,0.5
708,548.8372093023256,D11,0.8062,98.37316131591795,503.4789123535156,707.1047973632812,691.3853759765625,20.31278606959876,85.84641529633464,2922.6010366150635,NH-Sample,0.5
712,551.937984496124,D11,0.7002,22.58452606201172,494.0196533203125,693.4706420898438,699.3436279296875,20.31288864494829,85.84654294983721,2940.130859512466,NH-Sample,0.5
720,558.1395348837209,D43,0.6595,445.57037353515625,633.138916015625,561.7591552734375,715.9258422851562,20.31309280069803,85.84679831582325,2975.123295794879,NH-Sample,0.5
722,559.6899224806201,D20,0.5222,213.35009765625,433.4136047363281,619.0451049804688,618.565673828125,20.313160539488777,85.84688345019774,2986.7658567371695,NH-Sample,0.5
722,559.6899224806201,D11,0.4503,73.42115020751953,446.6231994628906,707.406005859375,634.6307373046875,20.313160539488777,85.84688345019774,2986.7658567371695,NH-Sample,0.5
724,561.2403100775193,D11,0.9991,107.96498107910156,479.6277770996094,714.2504272460938,689.6660766601562,20.31319434744365,85.84692601892264,2992.5828406155397,NH-Sample,0.5
724,561.2403100775193,D11,0.5164,416.290771484375,487.0715637207031,718.1336669921875,689.9381103515625,20.31319434744365,85.84692601892264,2992.5828406155397,NH-Sample,0.5
726,562.7906976744185,D11,0.8339,30.789459228515625,432.61077880859375,700.71337890625,624.1862182617188,20.31326183752685,85.84701115857611,3004.20794514982,NH-Sample,0.5
728,564.3410852713179,D11,0.5016,455.4645385742188,495.41650390625,720.0,688.3521118164062,20.313295518496677,85.84705372915586,3010.0159594179545,NH-Sample,0.5
728,564.3410852713179,D43,0.3724,519.8221435546875,560.2215576171875,639.40576171875,684.164794921875,20.313295518496677,85.84705372915586,3010.0159594179545,NH-Sample,0.5
729,565.1162790697674,D11,0.6833,3.2378082275390625,498.9215698242188,597.3609619140625,720.0,20.313329155990772,85.84709630000506,3015.8208783457335,NH-Sample,0.5
731,566.6666666666666,D11,0.9624,4.6402130126953125,489.1242065429688,442.13323974609375,692.5072631835938,20.31339629830914,85.84718144181383,3027.421223519644,NH-Sample,0.5
731,566.6666666666666,D11,0.5595,159.02297973632812,509.91351318359375,408.22119140625,664.084228515625,20.31339629830914,85.84718144181383,3027.421223519644,NH-Sample,0.5
734,568.9922480620155,D11,0.8712,41.94907760620117,437.2995300292969,588.2091064453125,616.4148559570312,20.31346326006612,85.8472665826066,3039.008573063296,NH-Sample,0.5
734,568.9922480620155,D11,0.5479,178.396240234375,445.1548156738281,458.9829406738281,611.5859375,20.31346326006612,85.8472665826066,3039.008573063296,NH-Sample,0.5
735,569.767441860465,D11,0.4545,11.076553344726562,501.4799499511719,612.666259765625,712.3924560546875,20.31349667188504,85.84730915218586,3044.7972496312955,NH-Sample,0.5
736,570.5426356589147,D20,0.3706,35.989356994628906,245.4657440185547,398.7218627929688,419.5464477539063,20.31353003695913,85.84735172098785,3050.582528656216,NH-Sample,0.5
739,572.8682170542636,D11,0.9662,92.72941589355467,507.3344421386719,703.2422485351562,695.9810180664062,20.313596624801477,85.84743685556276,3062.14270146676,NH-Sample,0.5
739,572.8682170542636,D11,0.7222,291.1025390625,500.01318359375,607.0841674804688,690.118408203125,20.313596624801477,85.84743685556276,3062.14270146676,NH-Sample,0.5
740,573.6434108527131,D11,0.3578,392.6849365234375,502.5791320800781,669.4091796875,655.73486328125,20.31362984655265,85.84747942098721,3067.9175004565304,NH-Sample,0.5
743,575.968992248062,D11,0.4636,359.4244384765625,486.4831237792969,574.4590454101562,654.9746704101562,20.313696143229,85.84756454723968,3079.456291250164,NH-Sample,0.5
750,581.3953488372093,D11,0.8495,0.0,560.1925048828125,475.8563232421875,719.7911987304688,20.313861006132782,85.84777732794727,3108.2381307480314,NH-Sample,0.5
751,582.1705426356589,D11,0.7513,358.81353759765625,491.3983459472656,654.7036743164062,648.1585693359375,20.3138938243831,85.847819876714,3113.9829844811334,NH-Sample,0.5
753,583.7209302325581,D11,0.7372,0.0,563.1585693359375,649.4692993164062,719.1007080078125,20.313959303032963,85.84790496548807,3125.4608430185376,NH-Sample,0.5
761,589.922480620155,D11,0.9753,396.4958801269531,491.9537963867188,688.2791137695312,661.1915283203125,20.31415444657632,85.84816014932665,3159.7967815759293,NH-Sample,0.5
761,589.922480620155,D00,0.6252,414.4249267578125,531.370849609375,484.0133056640625,647.833740234375,20.31415444657632,85.84816014932665,3159.7967815759293,NH-Sample,0.5
762,590.6976744186046,D11,0.9418,5.606288909912109,432.4617004394531,574.9514770507812,618.6001586914062,20.314186777929663,85.8482026661343,3165.50480200251,NH-Sample,0.5
763,591.4728682170543,D11,0.5656,16.69921875,557.3164672851562,707.8085327148438,719.498291015625,20.314186777929663,85.8482026661343,3165.50480200251,NH-Sample,0.5
773,599.2248062015503,D11,0.9913,131.54904174804688,481.6086120605469,664.7579956054688,691.5846557617188,20.31444338447249,85.848542627628,3211.0121396905993,NH-Sample,0.5
773,599.2248062015503,D11,0.9281,358.60211181640625,495.2681274414063,643.841796875,698.5701293945312,20.31444338447249,85.848542627628,3211.0121396905993,NH-Sample,0.5
774,600.0,D11,0.8593,39.397796630859375,517.4535522460938,700.0574340820312,713.9423828125,20.31447519999071,85.84858509865565,3216.6804719317947,NH-Sample,0.5
