road_segment,latitude,longitude,defect_count,mean_confidence,mean_severity,total_priority,high_priority_defects,maintenance_score,maintenance_priority
SEG-039,20.244691158512786,85.805130197406,50,0.313329298,2.24,32.9258976,3,64.56,High
SEG-022,20.25774132900547,85.80342908162046,50,0.281080952,2.1,28.5580547,7,56.0,High
SEG-046,20.25412786637817,85.79577929385036,50,0.277081014,2.18,28.4139102,7,55.71,High
SEG-053,20.260049933704988,85.79326705908178,50,0.26355693599999996,2.14,27.9216199,5,54.75,High
SEG-007,20.254060269075897,85.79561470173908,50,0.27192703,2.02,27.389561,5,53.71,High
SEG-048,20.242670525479074,85.79183814762344,50,0.268627756,2.04,27.0571017,5,53.05,High
SEG-043,20.24877255773734,85.80155483283085,50,0.251533864,2.1,26.2695452,7,51.51,High
SEG-034,20.256208263131995,85.79422502019445,50,0.242409306,2.32,26.2184264,3,51.41,High
SEG-028,20.24915833740893,85.80131600381667,50,0.234994626,2.22,25.979093499999998,3,50.94,High
SEG-032,20.254701428241187,85.8042323633621,50,0.249782404,2.18,25.765116499999998,4,50.52,High
SEG-051,20.248808449053282,85.78639887027249,50,0.24434285800000002,2.1,25.2618457,4,49.53,High
SEG-026,20.247807608907962,85.78316442785082,50,0.242864786,2.06,25.2540832,5,49.52,High
SEG-004,20.25322985838347,85.78753877350282,50,0.24329218400000002,2.12,25.0121131,6,49.04,High
SEG-016,20.238995087000973,85.80268661520704,50,0.24650354400000002,2.06,24.8696808,4,48.76,High
SEG-020,20.24993411103127,85.78661541990921,50,0.243950138,2.06,24.6562428,4,48.35,High
SEG-013,20.260950597905147,85.79409973678028,50,0.241459532,2.04,24.297936,4,47.64,High
SEG-050,20.253672429370273,85.79196447597589,50,0.229025872,2.16,24.2599633,5,47.57,High
SEG-021,20.252056104748373,85.81035577023604,50,0.241066682,2.0,24.1066682,7,47.27,High
SEG-008,20.254331730193105,85.80489581934758,50,0.240302258,2.0,24.0302258,3,47.12,High
SEG-041,20.24151650264524,85.79802467451587,50,0.22311028,2.16,23.7964777,3,46.66,High
SEG-036,20.250210162310612,85.79975282803929,50,0.22360417200000002,2.1,23.187196,1,45.47,High
SEG-023,20.256898987786066,85.79384939755339,50,0.224768202,2.06,22.69032,2,44.49,High
SEG-042,20.244916032397033,85.79367203339973,50,0.203075046,2.32,22.5276407,2,44.17,High
SEG-002,20.240112669347376,85.79903209945562,50,0.221647784,2.08,22.4256641,3,43.97,High
SEG-015,20.241130839350983,85.80334013247851,50,0.223125002,2.0,22.3125002,2,43.75,High
SEG-052,20.24884723728177,85.80342833676609,50,0.219938402,2.04,22.1370713,4,43.41,High
SEG-054,20.257394382143662,85.81167511560719,33,0.22008223636363636,2.090909090909091,14.6953149,4,43.22,High
SEG-001,20.255637237297677,85.80315033769904,50,0.21606882,2.04,21.804091,2,42.75,High
SEG-009,20.251854284912625,85.80022044096958,50,0.213231354,2.02,21.3980798,2,41.96,High
SEG-011,20.250797098451322,85.79141239344912,50,0.20977332199999998,2.02,21.2890302,2,41.74,High
SEG-049,20.257229510665294,85.80334143823966,50,0.187539592,2.16,20.678146,3,40.55,High
SEG-035,20.25737385204793,85.79158209794473,50,0.20354008,2.02,20.4062619,4,40.01,High
SEG-037,20.248464043328863,85.7973247625544,50,0.193662024,2.12,20.3685753,4,39.94,High
SEG-017,20.252036371150954,85.80761051300722,50,0.187246636,2.22,19.7651973,3,38.76,High
SEG-025,20.240349904179016,85.80791151131685,50,0.19163125999999997,2.12,19.6605551,2,38.55,High
SEG-010,20.24565650768048,85.79866472012677,50,0.193640806,2.02,19.4849306,1,38.21,High
SEG-031,20.246385509238138,85.78817215503915,50,0.179689266,2.28,19.4359315,2,38.11,High
SEG-019,20.251429199270138,85.80498277247345,50,0.18675976800000002,2.14,19.3849416,2,38.01,High
SEG-027,20.25464377900441,85.79169909028758,50,0.186147424,2.14,19.2864985,1,37.82,High
SEG-033,20.25081720956659,85.8025402707096,50,0.17375571399999998,2.22,18.4985022,0,36.27,High
SEG-045,20.243076430055723,85.80406177603014,50,0.178069898,2.1,18.4878295,2,36.25,High
SEG-038,20.25369623136009,85.79612847260714,50,0.171431924,2.16,18.3746465,2,36.03,High
SEG-003,20.24709674974671,85.80244914846897,50,0.177356466,2.12,18.3226184,2,35.93,High
SEG-005,20.25078504698923,85.79892255389204,50,0.158562046,2.4,18.2048643,1,35.7,High
SEG-014,20.25229427280703,85.79610649543638,50,0.17349359,2.08,17.6483232,1,34.6,High
SEG-044,20.24836830506518,85.78984751864454,50,0.171676098,2.06,17.571815,2,34.45,High
SEG-030,20.253847589699657,85.79949075293729,50,0.170965162,2.1,17.4460812,2,34.21,High
SEG-018,20.251904425512638,85.80787900993559,50,0.170797866,2.04,17.3176236,2,33.96,High
SEG-012,20.248406940209904,85.79389624634464,50,0.1615788,2.2,17.2285123,1,33.78,High
SEG-029,20.252099865388516,85.81115428745812,50,0.16314989000000002,2.12,16.7882645,1,32.92,High
SEG-040,20.257318602120176,85.78768072477104,50,0.157721326,2.02,15.9092206,1,31.19,High
SEG-006,20.24032578697406,85.79930348898677,50,0.156101138,2.02,15.6720526,1,30.73,High
SEG-047,20.24228206512934,85.79305844694454,50,0.143263354,2.1,15.2964365,1,29.99,High
SEG-024,20.242715949448506,85.79674365124464,50,0.141051704,2.0,14.1051704,1,27.66,High
