road_name,segment_id,defect_count,unique_classes,mean_severity,max_severity,mean_confidence,chainage_start_m,latitude,longitude,D00_count,D11_count,D20_count,D43_count,dominant_class,prior_visits
NH-Sample,0,14,2,0.5,0.5,0.6694214285714286,11.426109518231204,20.296377877277845,85.82511694035023,0,10,4,0,D11,1
NH-Sample,1,1,1,0.5,0.5,0.6969,176.1003884513668,20.297182942117647,85.82603208216764,0,1,0,0,D11,1
NH-Sample,2,9,2,0.5,0.5,0.7669777777777778,204.24534909819664,20.29756648415824,85.82646877471558,0,8,1,0,D11,1
NH-Sample,3,6,2,0.5,0.5,0.7316833333333334,304.78022550902136,20.298219812782254,85.82721850309571,0,5,0,1,D11,1
NH-Sample,4,21,2,0.5,0.5,0.6107333333333334,409.3525483124728,20.29887767371027,85.8279847027856,0,12,9,0,D11,1
NH-Sample,5,10,2,0.5,0.5,0.6071099999999999,506.7510670204657,20.299344966513356,85.82853977690951,0,8,2,0,D11,1
NH-Sample,6,6,1,0.5,0.5,0.6885666666666667,607.6691945211687,20.30004299358979,85.8293935278419,0,6,0,0,D11,1
NH-Sample,7,16,2,0.5,0.5,0.67244375,706.6156669675806,20.30072136210921,85.83025497898133,0,12,4,0,D11,1
NH-Sample,8,8,1,0.5,0.5,0.6924,808.7257987647142,20.301221185087407,85.83091465525384,0,8,0,0,D11,1
NH-Sample,9,13,2,0.5,0.5,0.7138461538461538,923.8378104780425,20.301733855773456,85.83161398435215,0,11,2,0,D11,1
NH-Sample,10,12,1,0.5,0.5,0.7709583333333333,1002.7022084344418,20.30231482746009,85.83243687205915,0,12,0,0,D11,1
NH-Sample,11,10,2,0.5,0.5,0.62252,1105.095631678181,20.302805572745864,85.83315321461089,0,8,2,0,D11,1
NH-Sample,12,11,3,0.5,0.5,0.7200818181818182,1211.548541175997,20.303322981589687,85.83392513707646,0,9,1,1,D11,1
NH-Sample,13,9,2,0.5,0.5,0.5965111111111111,1303.3141588098692,20.30386220181705,85.83473997070234,0,8,1,0,D11,1
NH-Sample,14,7,2,0.5,0.5,0.7161,1414.8403212986825,20.30436802175674,85.83550524199828,0,6,0,1,D11,1
NH-Sample,15,8,2,0.5,0.5,0.6453249999999999,1517.6879508660638,20.304966264541733,85.83639985637512,0,7,1,0,D11,1
NH-Sample,16,12,2,0.5,0.5,0.5846916666666666,1607.031779752806,20.30535865888905,85.8369763741747,0,11,1,0,D11,1
NH-Sample,17,7,1,0.5,0.5,0.5742714285714285,1707.963015288438,20.305966251715112,85.83784783674241,0,7,0,0,D11,1
NH-Sample,18,14,2,0.5,0.5,0.6264357142857142,1831.8223920964476,20.30657258863361,85.83868945294952,0,12,2,0,D11,1
NH-Sample,19,3,1,0.5,0.5,0.7606333333333334,1926.895198547969,20.307140362534252,85.83945251947709,0,3,0,0,D11,1
NH-Sample,20,8,3,0.5,0.5,0.6775,2002.1897591086413,20.307550225458066,85.83998981921556,0,6,1,1,D11,1
NH-Sample,21,7,3,0.5,0.5,0.6842571428571428,2100.728055641468,20.30806046195573,85.84064508601273,0,5,1,1,D11,1
NH-Sample,22,7,2,0.5,0.5,0.6219,2201.1342732716607,20.30878037997356,85.84154681614082,0,5,2,0,D11,1
NH-Sample,23,6,2,0.5,0.5,0.6679166666666667,2303.24264510514,20.309375788044694,85.84227831936789,0,5,0,1,D11,1
NH-Sample,24,6,2,0.5,0.5,0.6727666666666666,2418.3937640129257,20.309999462630785,85.84303504293239,0,5,0,1,D11,1
NH-Sample,25,11,3,0.5,0.5,0.7113090909090909,2517.367805472977,20.310559036580567,85.84370941196053,0,9,1,1,D11,1
NH-Sample,26,10,3,0.5,0.5,0.67345,2605.275814271497,20.311224621780486,85.84451049171247,0,6,3,1,D11,1
NH-Sample,27,5,1,0.5,0.5,0.7273,2711.147272682093,20.3116764211669,85.84505625261144,0,5,0,0,D11,1
NH-Sample,28,11,3,0.5,0.5,0.6386636363636363,2817.054080703709,20.312303528414194,85.8458200135017,0,8,1,2,D11,1
NH-Sample,29,7,3,0.5,0.5,0.6648428571428572,2922.6010366150635,20.313068184158563,85.84676792860512,0,5,1,1,D11,1
NH-Sample,30,14,3,0.5,0.5,0.6190785714285714,3004.20794514982,20.313460506820736,85.84726353701856,0,12,1,1,D11,1
NH-Sample,31,7,2,0.5,0.5,0.7779857142857143,3108.2381307480314,20.314056654651544,85.84803254301018,1,6,0,0,D11,1
NH-Sample,32,3,1,0.5,0.5,0.9262333333333332,3211.0121396905997,20.31445398964523,85.84855678463721,0,3,0,0,D11,1
