road_name,segment_id,chainage_start_m,latitude,longitude,defect_count,dominant_class,mean_severity,max_severity,risk_score,priority_tier,model_used
NH-Sample,0,11.426109518231204,20.296377877277845,85.82511694035023,14,D11,0.5,0.5,27.75,normal,xgboost
NH-Sample,1,176.1003884513668,20.297182942117647,85.82603208216764,1,D11,0.5,0.5,0.0,normal,xgboost
NH-Sample,2,204.24534909819664,20.29756648415824,85.82646877471558,9,D11,0.5,0.5,19.0,normal,xgboost
NH-Sample,3,304.78022550902136,20.298219812782254,85.82721850309571,6,D11,0.5,0.5,13.75,normal,xgboost
NH-Sample,4,409.3525483124728,20.29887767371027,85.8279847027856,21,D11,0.5,0.5,40.0,moderate,xgboost
NH-Sample,5,506.7510670204657,20.29934496651336,85.82853977690951,10,D11,0.5,0.5,20.75,normal,xgboost
NH-Sample,6,607.6691945211687,20.30004299358979,85.8293935278419,6,D11,0.5,0.5,8.75,normal,xgboost
NH-Sample,7,706.6156669675806,20.30072136210921,85.83025497898133,16,D11,0.5,0.5,31.25,normal,xgboost
NH-Sample,8,808.7257987647142,20.301221185087407,85.83091465525384,8,D11,0.5,0.5,12.25,normal,xgboost
NH-Sample,9,923.8378104780425,20.301733855773456,85.83161398435215,13,D11,0.5,0.5,26.0,normal,xgboost
NH-Sample,10,1002.7022084344418,20.30231482746009,85.83243687205915,12,D11,0.5,0.5,19.25,normal,xgboost
NH-Sample,11,1105.095631678181,20.302805572745864,85.83315321461089,10,D11,0.5,0.5,20.75,normal,xgboost
NH-Sample,12,1211.548541175997,20.303322981589687,85.83392513707646,11,D11,0.5,0.5,27.5,normal,xgboost
NH-Sample,13,1303.3141588098692,20.30386220181705,85.83473997070234,9,D11,0.5,0.5,19.0,normal,xgboost
NH-Sample,14,1414.8403212986825,20.30436802175674,85.83550524199828,7,D11,0.5,0.5,15.5,normal,xgboost
NH-Sample,15,1517.6879508660638,20.304966264541733,85.83639985637512,8,D11,0.5,0.5,17.25,normal,xgboost
NH-Sample,16,1607.031779752806,20.30535865888905,85.8369763741747,12,D11,0.5,0.5,24.25,normal,xgboost
NH-Sample,17,1707.963015288438,20.305966251715112,85.83784783674241,7,D11,0.5,0.5,10.5,normal,xgboost
NH-Sample,18,1831.822392096448,20.30657258863361,85.83868945294952,14,D11,0.5,0.5,27.75,normal,xgboost
NH-Sample,19,1926.895198547969,20.30714036253425,85.83945251947709,3,D11,0.5,0.5,3.5,normal,xgboost
NH-Sample,20,2002.1897591086413,20.307550225458066,85.83998981921556,8,D11,0.5,0.5,22.25,normal,xgboost
NH-Sample,21,2100.728055641468,20.30806046195573,85.84064508601273,7,D11,0.5,0.5,20.5,normal,xgboost
NH-Sample,22,2201.1342732716607,20.30878037997356,85.84154681614082,7,D11,0.5,0.5,15.5,normal,xgboost
NH-Sample,23,2303.24264510514,20.309375788044694,85.84227831936789,6,D11,0.5,0.5,13.75,normal,xgboost
NH-Sample,24,2418.3937640129257,20.309999462630785,85.84303504293239,6,D11,0.5,0.5,13.75,normal,xgboost
NH-Sample,25,2517.367805472977,20.310559036580567,85.84370941196053,11,D11,0.5,0.5,27.5,normal,xgboost
NH-Sample,26,2605.275814271497,20.31122462178049,85.84451049171247,10,D11,0.5,0.5,25.75,normal,xgboost
NH-Sample,27,2711.147272682093,20.3116764211669,85.84505625261144,5,D11,0.5,0.5,7.0,normal,xgboost
NH-Sample,28,2817.054080703709,20.312303528414198,85.8458200135017,11,D11,0.5,0.5,27.5,normal,xgboost
NH-Sample,29,2922.6010366150635,20.313068184158563,85.84676792860512,7,D11,0.5,0.5,20.5,normal,xgboost
NH-Sample,30,3004.20794514982,20.313460506820736,85.84726353701856,14,D11,0.5,0.5,32.75,normal,xgboost
NH-Sample,31,3108.2381307480314,20.314056654651544,85.84803254301018,7,D11,0.5,0.5,15.5,normal,xgboost
NH-Sample,32,3211.0121396906,20.31445398964523,85.84855678463721,3,D11,0.5,0.5,3.5,normal,xgboost
